Codigo,Categoria,Subcategoria,Nombre,Descripcion,Marca,Modelo,# Serie,Sucursal,Departamento,Empresa,Condiciones,Valor
COR-CHI-1089,MOBILIARIO Y EQUIPO DE OFICINA,ESCRITORIOS DE CRISTAL,ESCRITORIO DE CRISTAL,ESCRITORIO DE CRISTAL EN L  ,N/A,N/A,N/A,TOR-Chihuahua,Chihuahua Direccion,Grupo Tormenz,Seminuevo,"$2,500 "
COR-CHI-1090,MOBILIARIO Y EQUIPO DE OFICINA,ARCHIVEROS,ARCHIVERO,ARCHIVERO DE 3 PELDANIOS COLOR NEGRO,N/A,N/A,N/A,TOR-Chihuahua,Chihuahua Direccion,Grupo Tormenz,Seminuevo,"$1,899 "
COR-CHI-1091,MOBILIARIO Y EQUIPO DE OFICINA,SILLAS EJECUTIVA,SILLA GERENTE,SILLA GERENTE CON RUEDAS,N/A,N/A,N/A,TOR-Chihuahua,Chihuahua Direccion,Grupo Tormenz,Seminuevo,"$2,500 "
TOR-CHI-1205,MOBILIARIO Y EQUIPO DE OFICINA,SILLAS ESTIBABLE,Silla ,Silla color blanco,N/A,N/A,N/A,TOR-Chihuahua,Chihuahua Depa,Grupo Tormenz,Buenas Condiciones,$200 
COR-CHI-1093,MOBILIARIO Y EQUIPO DE OFICINA,SILLONES,SILLON DE TELA,SILLON DE TELA GRIS PARA 2 PERSONAS,N/A,N/A,N/A,TOR-Chihuahua,Chihuahua Direccion,Grupo Tormenz,Seminuevo,"$3,000 "
COR-CHI-1094,MOBILIARIO Y EQUIPO DE OFICINA,SILLONES,SILLON DE TELA,SILLON DE TELA GRIS PARA 2 PERSONAS,N/A,N/A,N/A,TOR-Chihuahua,Chihuahua Direccion,Grupo Tormenz,Seminuevo,"$3,000 "
COR-CHI-1095,MOBILIARIO Y EQUIPO DE OFICINA,ESCRITORIOS DE MADERA,ESCRITORIO DE MADERA,ESCRITORIO EN L DE MADERA CON RISTAL COLOR CAF€,N/A,N/A,N/A,TOR-Chihuahua,Chihuahua Direccion,Grupo Tormenz,Nuevo,"$3,500 "
COR-CHI-1096,MOBILIARIO Y EQUIPO DE OFICINA,SILLAS EJECUTIVA,SILLA GERENTE ,SILLA GERENTE CON RUEDAS,N/A,N/A,N/A,TOR-Chihuahua,Chihuahua Direccion,Grupo Tormenz,Seminuevo,"$2,200 "
TOR-CHI-1206,MOBILIARIO Y EQUIPO DE OFICINA,SILLAS ESTIBABLE,Silla ,Silla color blanco,N/A,N/A,N/A,TOR-Chihuahua,Chihuahua Depa,Grupo Tormenz,Buenas Condiciones,$200 
TOR-CHI-1207,MOBILIARIO Y EQUIPO DE OFICINA,SILLAS ESTIBABLE,Silla ,Silla de madera,N/A,N/A,N/A,TOR-Chihuahua,Chihuahua Depa,Grupo Tormenz,Buenas Condiciones,$450 
COR-CHI-1099,MOBILIARIO Y EQUIPO DE OFICINA,PANTALLAS,PANTALLA,PANTALLA LG,LG,UHD TV 4K,N/A,TOR-Chihuahua,Chihuahua Direccion,Grupo Tormenz,Nuevo,8200
COR-CHI-1100,MOBILIARIO Y EQUIPO DE OFICINA,ARCHIVEROS,ARCHIVERO,ARCHIVERO NEGRO DE METAL,N/A,N/A,N/A,TOR-Chihuahua,Chihuahua Direccion,Grupo Tormenz,Nuevo,"$1,900 "
COR-CHI-1101,EQUIPO DE COMPUTO,IMPRESORAS,IMPRESORA ,IMPRESORA EPSON,EPSON,L220,N/A,TOR-Chihuahua,Chihuahua Direccion,Grupo Tormenz,Nuevo,2500
COR-CHI-1102,OTROS ACTIVOS FIJOS ,REFRIGERADOR,FRIGOBAR,FRIGOBAR DAEWOO,DAEWOO,N/A,N/A,TOR-Chihuahua,Chihuahua Direccion,Grupo Tormenz,Nuevo,4000
COR-CHI-1103,MOBILIARIO Y EQUIPO DE OFICINA,LIBREROS,LIBRERO ,LIBRERO DE MADERA DE 3 NIVELES,N/A,N/A,N/A,TOR-Chihuahua,Chihuahua Direccion,Grupo Tormenz,Nuevo,"$4,200 "
COR-CHI-1104,OTROS ACTIVOS FIJOS ,ARTICULOS UTILITARIOS,PERCHERO,PERCHERO COLOR CAF€,N/A,N/A,N/A,TOR-Chihuahua,Chihuahua Direccion,Grupo Tormenz,Nuevo,500
COR-CHI-1105,MOBILIARIO Y EQUIPO DE OFICINA,MESA DE TRABAJO,MESA,MESA DE CRISTAL CON MADERA,N/A,N/A,N/A,TOR-Chihuahua,Chihuahua Direccion,Grupo Tormenz,Nuevo,"$2,000 "
COR-CHI-1106,OTROS ACTIVOS FIJOS ,ARTICULOS UTILITARIOS,REVISTERO,REVISTERO CAF€ PIEL,N/A,N/A,N/A,TOR-Chihuahua,Chihuahua Direccion,Grupo Tormenz,Nuevo,400
COR-CHI-1108,OTROS ACTIVOS FIJOS ,CLIMA,MINISPLIT,MINISPLIT COLOR BLANCO,MIRAGE,ATTX,N/A,TOR-Chihuahua,Chihuahua Direccion,Grupo Tormenz,Nuevo,3000
COR-CHI-1211,MOBILIARIO Y EQUIPO DE OFICINA,TELEFONOS,TELEFONO FIJO,Telefono color blanco,SIEMENS,5020,N/A,TOR-Chihuahua,Chihuahua Direccion,Grupo Tormenz,Seminuevo,650
COR-CHI-1235,MOBILIARIO Y EQUIPO DE OFICINA,TELEFONOS,TELEFONO FIJO,Telefono color negro,MODERNPHONE,TC 8400,NA,TOR-Chihuahua,Chihuahua Direccion,Grupo Tormenz,Seminuevo,650
TOR-CHI-1028,MOBILIARIO Y EQUIPO DE OFICINA,SILLAS EJECUTIVA,SILLA GERENTE,SILLA TIPO GERENTE CON RUEDAS,N/A,N/A,N/A,TOR-Chihuahua,Chihuahua Cobranza Fiscal y Titulacion,Grupo Tormenz,Seminuevo,"$2,200 "
TOR-CHI-1029,MOBILIARIO Y EQUIPO DE OFICINA,SILLAS EJECUTIVA,SILLA GERENTE,SILLA TIPO GERENTE CON RUEDAS,N/A,N/A,N/A,TOR-Chihuahua,Chihuahua Cobranza Fiscal y Titulacion,Grupo Tormenz,Seminuevo,"$2,200 "
TOR-CHI-1030,MOBILIARIO Y EQUIPO DE OFICINA,ESCRITORIOS DE MADERA,ESCRITORIO EJECUTIVO,ESCRITORIO ejecutivo color maple,N/A,N/A,N/A,TOR-Chihuahua,Chihuahua Cobranza Fiscal y Titulacion,Grupo Tormenz,Seminuevo,"$1,800 "
TOR-CHI-1031,MOBILIARIO Y EQUIPO DE OFICINA,ESCRITORIOS DE MADERA,ESCRITORIO EJECUTIVO,ESCRITORIO ejecutivo color maple,N/A,N/A,N/A,TOR-Chihuahua,Chihuahua Cobranza Fiscal y Titulacion,Grupo Tormenz,Seminuevo,"$1,800 "
TOR-CHI-1032,MOBILIARIO Y EQUIPO DE OFICINA,RACKS,ESTANTE,ESTANTE DE CUATRO PELDANIOS,N/A,N/A,N/A,TOR-Chihuahua,Chihuahua Cobranza Fiscal y Titulacion,Grupo Tormenz,Seminuevo,"$3,500 "
TOR-CHI-1033,MOBILIARIO Y EQUIPO DE OFICINA,RACKS,ESTANTE,ESTANTE DE CUATRO PELDANIOS,N/A,N/A,N/A,TOR-Chihuahua,Chihuahua Cobranza Fiscal y Titulacion,Grupo Tormenz,Seminuevo,"$3,500 "
TOR-CHI-1034,MOBILIARIO Y EQUIPO DE OFICINA,RACKS,ESTANTE,ESTANTE DE CUATRO PELDANIOS,N/A,N/A,N/A,TOR-Chihuahua,Chihuahua Cobranza Fiscal y Titulacion,Grupo Tormenz,Seminuevo,"$3,500 "
TOR-CHI-1035,MOBILIARIO Y EQUIPO DE OFICINA,RACKS,ESTANTE,ESTANTE DE CUATRO PELDANIOS,N/A,N/A,N/A,TOR-Chihuahua,Chihuahua Cobranza Fiscal y Titulacion,Grupo Tormenz,Seminuevo,"$3,500 "
TOR-CHI-1036,MOBILIARIO Y EQUIPO DE OFICINA,RACKS,ESTANTE,ESTANTE DE CUATRO PELDANIOS,N/A,N/A,N/A,TOR-Chihuahua,Chihuahua Cobranza Fiscal y Titulacion,Grupo Tormenz,Seminuevo,"$3,500 "
TOR-CHI-1039,MOBILIARIO Y EQUIPO DE OFICINA,ARCHIVEROS,ARCHIVERO,ARCHIVERO 4 ESTANTES COLOR NEGRO,N/A,N/A,N/A,TOR-Chihuahua,Chihuahua Cobranza Fiscal y Titulacion,Grupo Tormenz,Seminuevo,"$3,500 "
TOR-CHI-1040,OTROS ACTIVOS FIJOS ,ARTICULOS UTILITARIOS,DISPENSADOR DE AGUA,DISPENSADOR DE AGUA,N/A,N/A,N/A,TOR-Chihuahua,Chihuahua Cobranza Fiscal y Titulacion,Grupo Tormenz,Seminuevo,1000
TOR-CHI-1208,MOBILIARIO Y EQUIPO DE OFICINA,SILLAS ESTIBABLE,Silla ,Silla de madera,N/A,N/A,N/A,TOR-Chihuahua,Chihuahua Depa,Grupo Tormenz,Buenas Condiciones,$450 
TOR-CHI-1042,MOBILIARIO Y EQUIPO DE OFICINA,ESCRITORIOS DE MADERA,ESCRITORIO DE MADERA,ESCRITORIO EN L DE madera,N/A,N/A,N/A,TOR-Chihuahua,Chihuahua Cobranza Fiscal y Titulacion,Grupo Tormenz,Seminuevo,"$2,500 "
TOR-CHI-1043,MOBILIARIO Y EQUIPO DE OFICINA,SILLAS EJECUTIVA,SILLA GERENTE,SILLA TIPO GERENTE CON RUEDAS,N/A,N/A,N/A,TOR-Chihuahua,Chihuahua Cobranza Fiscal y Titulacion,Grupo Tormenz,Seminuevo,"$2,200 "
TOR-CHI-1044,MOBILIARIO Y EQUIPO DE OFICINA,ARCHIVEROS,ARCHIVERO,ARCHIVERO 2 ESTANTES,N/A,N/A,N/A,TOR-Chihuahua,Chihuahua Cobranza Fiscal y Titulacion,Grupo Tormenz,Seminuevo,"$2,940 "
TOR-CHI-1047,MOBILIARIO Y EQUIPO DE OFICINA,PIZARRON,PIZZARON,PIZZARON CHICO ,N/A,N/A,N/A,TOR-Chihuahua,Chihuahua Cobranza Fiscal y Titulacion,Grupo Tormenz,Seminuevo,500
TOR-CHI-1048,MOBILIARIO Y EQUIPO DE OFICINA,MESA DE TRABAJO,MESA GRANDE,MESA DE TRABAJO GRANDE ,N/A,N/A,N/A,TOR-Chihuahua,Chihuahua Direccion,Grupo Tormenz,Nuevo,"$1,800 "
TOR-CHI-1214,MOBILIARIO Y EQUIPO DE OFICINA,SILLAS ESTIBABLE,Silla ,Silla de madera color blanco,N/A,N/A,N/A,TOR-Chihuahua,Chihuahua Depa,Grupo Tormenz,Buenas Condiciones,$450 
TOR-CHI-1214,MOBILIARIO Y EQUIPO DE OFICINA,SILLAS ESTIBABLE,Silla ,Silla de madera color blanco,N/A,N/A,N/A,TOR-Chihuahua,Chihuahua Depa,Grupo Tormenz,Buenas Condiciones,$450 
COR-CHI-1092,MOBILIARIO Y EQUIPO DE OFICINA,SILLAS ESTIBABLE,SILLA NEGRA,NEGRA METAL Y TELA,N/A,N/A,N/A,TOR-Chihuahua,Chihuahua Direccion,Grupo Tormenz,Seminuevo,$750 
COR-CHI-1097,MOBILIARIO Y EQUIPO DE OFICINA,SILLAS ESTIBABLE,SILLA DE TELA,SILLA DE TELA GRIS CON PATAS DE METAL,N/A,N/A,N/A,TOR-Chihuahua,Chihuahua Direccion,Grupo Tormenz,Nuevo,$750 
TOR-CHI-1053,MOBILIARIO Y EQUIPO DE OFICINA,ESCRITORIOS DE MADERA,ESCRITORIO EJECUTIVO,ESCRITORIO EJECUTIVO COLOR CAF€,N/A,N/A,N/A,TOR-Chihuahua,Chihuahua Direccion,Grupo Tormenz,Seminuevo,"$1,800 "
TOR-CHI-1054,MOBILIARIO Y EQUIPO DE OFICINA,SILLAS EJECUTIVA,SILLA GERENTE,SILLA GERENTE CON RUEDAS,N/A,N/A,N/A,TOR-Chihuahua,Chihuahua Direccion,Grupo Tormenz,Seminuevo,"$2,500 "
TOR-CHI-1055,MOBILIARIO Y EQUIPO DE OFICINA,ESCRITORIOS DE MADERA,ESCRITORIO EJECUTIVO,ESCRITORIO CONVENCIONAL,N/A,N/A,N/A,TOR-Chihuahua,Chihuahua Direccion,Grupo Tormenz,Seminuevo,"$2,000 "
TOR-CHI-1057,MOBILIARIO Y EQUIPO DE OFICINA,ESCRITORIOS DE MADERA,ESCRITORIO EN U,ESCRITORIO EN U ESTA ALREDEDOR DE LA OFICINA,N/A,N/A,N/A,TOR-Chihuahua,Chihuahua Direccion,Grupo Tormenz,Seminuevo,"$3,500 "
TOR-CHI-1058,MOBILIARIO Y EQUIPO DE OFICINA,SILLAS EJECUTIVA,SILLA GERENTE ,SILLAS TIPO GERENTE COLOR NEGRO,N/A,N/A,N/A,TOR-Chihuahua,Chihuahua Direccion,Grupo Tormenz,Seminuevo,"$2,500 "
TOR-CHI-1059,MOBILIARIO Y EQUIPO DE OFICINA,SILLAS EJECUTIVA,SILLA GERENTE ,SILLAS TIPO GERENTE COLOR NEGRO,N/A,N/A,N/A,TOR-Chihuahua,Chihuahua Direccion,Grupo Tormenz,Seminuevo,"$2,500 "
TOR-CHI-1060,MOBILIARIO Y EQUIPO DE OFICINA,SILLAS EJECUTIVA,SILLA GERENTE ,SILLAS TIPO GERENTE COLOR NEGRO,N/A,N/A,N/A,TOR-Chihuahua,Chihuahua Direccion,Grupo Tormenz,Viejo,"$2,500 "
TOR-CHI-1064,MOBILIARIO Y EQUIPO DE OFICINA,ARCHIVEROS,ARCHIVERO,ARCHIVERO DE CUATRO PELDANIOS COLOR NEGRO,N/A,N/A,N/A,TOR-Chihuahua,Chihuahua Judicial,Grupo Tormenz,Seminuevo,"$3,500 "
TOR-CHI-1065,MOBILIARIO Y EQUIPO DE OFICINA,ESCRITORIOS DE CRISTAL,ESCRITORIO DE CRISTAL,ESCRITORIO DE CRISTAL EN L COLOR NEGRO,N/A,N/A,N/A,TOR-Chihuahua,Chihuahua Extrajudicial,Grupo Tormenz,Malas Condiciones,"$2,200 "
TOR-CHI-1066,MOBILIARIO Y EQUIPO DE OFICINA,SILLAS EJECUTIVA,SILLA GERENTE,SILLA GERENTE CON RUEDAS,N/A,N/A,N/A,TOR-Chihuahua,Chihuahua Extrajudicial,Grupo Tormenz,Seminuevo,"$2,500 "
TOR-CHI-1067,MOBILIARIO Y EQUIPO DE OFICINA,ARCHIVEROS,ARCHIVERO,ARCHIVERO DE DOS PELDANIOS,N/A,N/A,N/A,TOR-Chihuahua,Chihuahua Extrajudicial,Grupo Tormenz,Viejo,"$2,000 "
COR-CHI-1098,MOBILIARIO Y EQUIPO DE OFICINA,SILLAS ESTIBABLE,SILLA DE TELA,SILLA DE TELA GRIS CON PATAS DE METAL,N/A,N/A,N/A,TOR-Chihuahua,Chihuahua Direccion,Grupo Tormenz,Nuevo,$750 
TOR-CHI-1070,MOBILIARIO Y EQUIPO DE OFICINA,PIZARRON,PIZARRON,PIZARRON MITAD CORCHO MITAD PINTARRON CHICO,N/A,N/A,N/A,TOR-Chihuahua,Chihuahua Extrajudicial,Grupo Tormenz,Seminuevo,350
TOR-CHI-1071,MOBILIARIO Y EQUIPO DE OFICINA,ESCRITORIOS DE CRISTAL,ESCRITORIO DE CRISTAL,ESCRITORIO DE CRISTAL  EN L,N/A,N/A,N/A,TOR-Chihuahua,Chihuahua Extrajudicial,Grupo Tormenz,Seminuevo,"$2,500 "
TOR-CHI-1072,MOBILIARIO Y EQUIPO DE OFICINA,ESCRITORIOS DE CRISTAL,ESCRITORIO DE CRISTAL,ESCRITORIO DE CRISTAL ,N/A,N/A,N/A,TOR-Chihuahua,Chihuahua Extrajudicial,Grupo Tormenz,Seminuevo,"$2,200 "
TOR-CHI-1073,MOBILIARIO Y EQUIPO DE OFICINA,SILLAS EJECUTIVA,SILLA GERENTE ,SILLA EJECUTIVA COLOR NEGRO CON RUEDAS,N/A,N/A,N/A,TOR-Chihuahua,Chihuahua Extrajudicial,Grupo Tormenz,Seminuevo,"$2,200 "
TOR-CHI-1049,MOBILIARIO Y EQUIPO DE OFICINA,SILLAS ESTIBABLE,SILLAS APILABES,SILLAS DE TELA APILABLE NEGRA ,N/A,N/A,N/A,TOR-Chihuahua,Chihuahua Direccion,Grupo Tormenz,Seminuevo,$750 
TOR-CHI-1077,MOBILIARIO Y EQUIPO DE OFICINA,ESCRITORIOS DE CRISTAL,ESCRITORIO DE CRISTAL,ESCRITORIO DE CRISTAL ,N/A,N/A,N/A,TOR-Chihuahua,Chihuahua Extrajudicial,Grupo Tormenz,Seminuevo,"$2,200 "
TOR-CHI-1080,MOBILIARIO Y EQUIPO DE OFICINA,ARCHIVEROS,ARCHIVERO,ARCHIVERO DE DOS PELDANIOS COLOR NEGRO,N/A,N/A,N/A,TOR-Chihuahua,Chihuahua Extrajudicial,Grupo Tormenz,Seminuevo,"$2,490 "
TOR-CHI-1081,MOBILIARIO Y EQUIPO DE OFICINA,LIBREROS,LIBRERO,LIBRERO EN ESCALERA COLOR CAF€,N/A,N/A,N/A,TOR-Chihuahua,Chihuahua Extrajudicial,Grupo Tormenz,Seminuevo,"$3,000 "
TOR-CHI-1082,OTROS ACTIVOS FIJOS ,CLIMA,MINISPLIT,Minisplit color Blanco,YORK,N/A,N/A,TOR-Chihuahua,Chihuahua Extrajudicial,Grupo Tormenz,Malas Condiciones,3000
TOR-CHI-1083,MOBILIARIO Y EQUIPO DE OFICINA,PIZARRON,PIZARRON ,PIZARRON DE CORCHO,N/A,N/A,N/A,TOR-Chihuahua,Chihuahua Extrajudicial,Grupo Tormenz,Seminuevo,500
TOR-CHI-1084,MOBILIARIO Y EQUIPO DE OFICINA,SILLAS EJECUTIVA,SILLA GERENTE,SILLA GERENTE CON RUEDAS,N/A,N/A,N/A,TOR-Chihuahua,Chihuahua Extrajudicial,Grupo Tormenz,Seminuevo,"$2,500 "
TOR-CHI-1085,MOBILIARIO Y EQUIPO DE OFICINA,MESA DE TRABAJO,MESA,MESA PEQUENIA NEGRO CON PLATEADO,N/A,N/A,N/A,TOR-Chihuahua,Chihuahua Extrajudicial,Grupo Tormenz,Malas Condiciones,$500 
TOR-CHI-1086,MOBILIARIO Y EQUIPO DE OFICINA,ARCHIVEROS,CAJONERA,MUEBLE CON DOS CAJONES,N/A,N/A,N/A,TOR-Chihuahua,Chihuahua Extrajudicial,Grupo Tormenz,Seminuevo,"$2,200 "
TOR-CHI-1087,MOBILIARIO Y EQUIPO DE OFICINA,ESCRITORIOS DE CRISTAL,ESCRITORIO DE CRISTAL,MUEBLE DE CRISTAL,N/A,N/A,N/A,TOR-Chihuahua,Chihuahua Extrajudicial,Grupo Tormenz,Seminuevo,"$1,800 "
TOR-CHI-1088,MOBILIARIO Y EQUIPO DE OFICINA,ESCRITORIOS DE CRISTAL,ESCRITORIO DE CRISTAL,MUEBLE DE CRISTAL,N/A,N/A,N/A,TOR-Chihuahua,Chihuahua Extrajudicial,Grupo Tormenz,Seminuevo,"$1,800 "
TOR-CHI-1089,MOBILIARIO Y EQUIPO DE OFICINA,ESCRITORIOS DE CRISTAL,ESCRITORIO DE CRISTAL,MUEBLE DE CRISTAL,N/A,N/A,N/A,TOR-Chihuahua,Chihuahua Extrajudicial,Grupo Tormenz,Seminuevo,"$1,800 "
TOR-CHI-1050,MOBILIARIO Y EQUIPO DE OFICINA,SILLAS ESTIBABLE,SILLAS APILABES,SILLAS DE TELA APILABLE NEGRA ,N/A,N/A,N/A,TOR-Chihuahua,Chihuahua Direccion,Grupo Tormenz,Seminuevo,$750 
TOR-CHI-1051,MOBILIARIO Y EQUIPO DE OFICINA,SILLAS ESTIBABLE,SILLAS APILABES,SILLAS DE TELA APILABLE NEGRA ,N/A,N/A,N/A,TOR-Chihuahua,Chihuahua Direccion,Grupo Tormenz,Seminuevo,$750 
TOR-CHI-1052,MOBILIARIO Y EQUIPO DE OFICINA,SILLAS ESTIBABLE,SILLAS APILABES,SILLAS DE TELA APILABLE NEGRA ,N/A,N/A,N/A,TOR-Chihuahua,Chihuahua Direccion,Grupo Tormenz,Seminuevo,$750 
TOR-CHI-1092,MOBILIARIO Y EQUIPO DE OFICINA,SILLAS ESTIBABLE,SILLA APILABLE,SILLA APILABLE DE TELA COLOR NEGRO,N/A,N/A,N/A,TOR-Chihuahua,Chihuahua Extrajudicial,Grupo Tormenz,Seminuevo,$750 
TOR-CHI-1093,MOBILIARIO Y EQUIPO DE OFICINA,SILLAS ESTIBABLE,SILLA APILABLE,SILLA APILABLE DE TELA COLOR NEGRO,N/A,N/A,N/A,TOR-Chihuahua,Chihuahua Extrajudicial,Grupo Tormenz,Seminuevo,$750 
TOR-CHI-1095,MOBILIARIO Y EQUIPO DE OFICINA,ARCHIVEROS,CAJONERA,MUEBLE CON DOS CAJONES,N/A,N/A,N/A,TOR-Chihuahua,Chihuahua Extrajudicial,Grupo Tormenz,Seminuevo,"$2,500 "
TOR-CHI-1097,MOBILIARIO Y EQUIPO DE OFICINA,ARCHIVEROS,CAJONERA,MUEBLE CON TRES CAJONES,N/A,N/A,N/A,TOR-Chihuahua,Chihuahua Extrajudicial,Grupo Tormenz,Seminuevo,"$2,500 "
TOR-CHI-1094,MOBILIARIO Y EQUIPO DE OFICINA,SILLAS ESTIBABLE,SILLA APILABLE,SILLA APILABLE DE TELA COLOR NEGRO,N/A,N/A,N/A,TOR-Chihuahua,Chihuahua Extrajudicial,Grupo Tormenz,Seminuevo,$750 
TOR-CHI-1143,MOBILIARIO Y EQUIPO DE OFICINA,SILLAS SECRETARIAL,SILLA DE SECRETARIA,SILLA SECRETARIA CON RUEDAS,N/A,N/A,N/A,TOR-Chihuahua,Chihuahua Judicial,Grupo Tormenz,Malas Condiciones,"$1,000 "
TOR-CHI-1144,MOBILIARIO Y EQUIPO DE OFICINA,SILLAS SECRETARIAL,SILLA DE SECRETARIA,SILLA SECRETARIA CON RUEDAS,N/A,N/A,N/A,TOR-Chihuahua,Chihuahua Judicial,Grupo Tormenz,Malas Condiciones,"$1,000 "
TOR-CHI-1102,MOBILIARIO Y EQUIPO DE OFICINA,ESCRITORIOS DE MADERA,ESCRITORIO DE MADERA,ESCRITORIO DE MADERA  EN L CON CAJONES,N/A,N/A,N/A,TOR-Chihuahua,Chihuahua Judicial,Grupo Tormenz,Seminuevo,"$2,200 "
TOR-CHI-1103,MOBILIARIO Y EQUIPO DE OFICINA,SILLAS EJECUTIVA,SILLA GERENTE,SILLA GERENTE CON RUEDAS,N/A,N/A,N/A,TOR-Chihuahua,Chihuahua Judicial,Grupo Tormenz,Seminuevo,"$2,500 "
TOR-CHI-1105,MOBILIARIO Y EQUIPO DE OFICINA,ESCRITORIOS DE MADERA,MAMPARA ,MAMPARA DE MADERA EN L CON REPISA,N/A,N/A,N/A,TOR-Chihuahua,Chihuahua Judicial,Grupo Tormenz,Seminuevo,"$1,500 "
TOR-CHI-1106,MOBILIARIO Y EQUIPO DE OFICINA,ESCRITORIOS DE MADERA,ESCRITORIO DE MADERA,ESCRITORIO DE MADERA  EN L CON CAJONES,N/A,N/A,N/A,TOR-Chihuahua,Chihuahua Judicial,Grupo Tormenz,Seminuevo,"$2,200 "
TOR-CHI-1107,MOBILIARIO Y EQUIPO DE OFICINA,SILLAS EJECUTIVA,SILLA GERENTE,SILLA GERENTE CON RUEDAS,N/A,N/A,N/A,TOR-Chihuahua,Chihuahua Judicial,Grupo Tormenz,Seminuevo,"$2,500 "
TOR-CHI-1109,MOBILIARIO Y EQUIPO DE OFICINA,ESCRITORIOS DE MADERA,MAMPARA ,MAMPARA DE MADERA EN L CON REPISA,N/A,N/A,N/A,TOR-Chihuahua,Chihuahua Judicial,Grupo Tormenz,Seminuevo,"$1,500 "
TOR-CHI-1110,MOBILIARIO Y EQUIPO DE OFICINA,ESCRITORIOS DE MADERA,ESCRITORIO DE MADERA,ESCRITORIO DE MADERA  EN L CON CAJONES,N/A,N/A,N/A,TOR-Chihuahua,Chihuahua Judicial,Grupo Tormenz,Seminuevo,"$2,200 "
TOR-CHI-1111,MOBILIARIO Y EQUIPO DE OFICINA,SILLAS EJECUTIVA,SILLA GERENTE,SILLA GERENTE CON RUEDAS,N/A,N/A,N/A,TOR-Chihuahua,Chihuahua Judicial,Grupo Tormenz,Seminuevo,"$2,500 "
TOR-CHI-1113,MOBILIARIO Y EQUIPO DE OFICINA,ESCRITORIOS DE MADERA,MAMPARA ,MAMPARA DE MADERA EN L CON REPISA,N/A,N/A,N/A,TOR-Chihuahua,Chihuahua Judicial,Grupo Tormenz,Seminuevo,"$1,500 "
TOR-CHI-1114,MOBILIARIO Y EQUIPO DE OFICINA,ESCRITORIOS DE MADERA,ESCRITORIO DE MADERA,ESCRITORIO DE MADERA  EN L CON CAJONES,N/A,N/A,N/A,TOR-Chihuahua,Chihuahua Judicial,Grupo Tormenz,Seminuevo,"$2,200 "
TOR-CHI-1115,MOBILIARIO Y EQUIPO DE OFICINA,SILLAS EJECUTIVA,SILLA GERENTE,SILLA GERENTE CON RUEDAS,N/A,N/A,N/A,TOR-Chihuahua,Chihuahua Judicial,Grupo Tormenz,Seminuevo,"$2,500 "
TOR-CHI-1117,MOBILIARIO Y EQUIPO DE OFICINA,ESCRITORIOS DE MADERA,MAMPARA ,MAMPARA DE MADERA EN L CON REPISA,N/A,N/A,N/A,TOR-Chihuahua,Chihuahua Judicial,Grupo Tormenz,Seminuevo,"$1,500 "
TOR-CHI-1118,MOBILIARIO Y EQUIPO DE OFICINA,ESCRITORIOS DE MADERA,ESCRITORIO DE MADERA,ESCRITORIO DE MADERA  EN L CON CAJONES,N/A,N/A,N/A,TOR-Chihuahua,Chihuahua Judicial,Grupo Tormenz,Seminuevo,"$2,200 "
TOR-CHI-1119,MOBILIARIO Y EQUIPO DE OFICINA,SILLAS EJECUTIVA,SILLA GERENTE,SILLA GERENTE CON RUEDAS,N/A,N/A,N/A,TOR-Chihuahua,Chihuahua Judicial,Grupo Tormenz,Seminuevo,"$2,500 "
TOR-CHI-1121,MOBILIARIO Y EQUIPO DE OFICINA,ESCRITORIOS DE MADERA,MAMPARA ,MAMPARA DE MADERA EN L CON REPISA,N/A,N/A,N/A,TOR-Chihuahua,Chihuahua Judicial,Grupo Tormenz,Seminuevo,"$1,500 "
TOR-CHI-1122,MOBILIARIO Y EQUIPO DE OFICINA,ESCRITORIOS DE MADERA,ESCRITORIO DE MADERA,ESCRITORIO DE MADERA,N/A,N/A,N/A,TOR-Chihuahua,Chihuahua Judicial,Grupo Tormenz,Seminuevo,"$1,000 "
TOR-CHI-1123,MOBILIARIO Y EQUIPO DE OFICINA,ESCRITORIOS DE MADERA,MAMPARA ,MAMPARA DE MADERA EN L CON REPISA,N/A,N/A,N/A,TOR-Chihuahua,Chihuahua Judicial,Grupo Tormenz,Seminuevo,"$1,500 "
TOR-CHI-1124,EQUIPO DE COMPUTO,MONITORES,MONITOR,MONITOR HP,HP,N/A,4CE4510682,TOR-Chihuahua,Chihuahua Judicial,Grupo Tormenz,Seminuevo,1000
TOR-CHI-1125,MOBILIARIO Y EQUIPO DE OFICINA,ESCRITORIOS DE MADERA,ESCRITORIO DE MADERA,ESCRITORIO DE MADERA  EN L CON CAJONES,N/A,N/A,N/A,TOR-Chihuahua,Chihuahua Judicial,Grupo Tormenz,Seminuevo,"$2,200 "
TOR-CHI-1069,MOBILIARIO Y EQUIPO DE OFICINA,SILLAS SECRETARIAL,SILLA SECRETARIA,SILLA SECRETARIA CON RUEDAS,N/A,N/A,N/A,TOR-Chihuahua,Chihuahua Extrajudicial,Grupo Tormenz,Seminuevo,"$1,399 "
TOR-CHI-1128,MOBILIARIO Y EQUIPO DE OFICINA,ESCRITORIOS DE MADERA,MAMPARA ,MAMPARA DE MADERA EN L CON REPISA,N/A,N/A,N/A,TOR-Chihuahua,Chihuahua Judicial,Grupo Tormenz,Seminuevo,"$1,500 "
TOR-CHI-1129,MOBILIARIO Y EQUIPO DE OFICINA,ARCHIVEROS,ARCHIVEROS,ARCHIVEROS  DE 4 CAJONES,N/A,N/A,N/A,TOR-Chihuahua,Chihuahua Judicial,Grupo Tormenz,Seminuevo,"$2,200 "
TOR-CHI-1130,MOBILIARIO Y EQUIPO DE OFICINA,ARCHIVEROS,ARCHIVEROS,ARCHIVEROS  DE 4 CAJONES,N/A,N/A,N/A,TOR-Chihuahua,Chihuahua Judicial,Grupo Tormenz,Seminuevo,"$2,200 "
TOR-CHI-1131,MOBILIARIO Y EQUIPO DE OFICINA,ARCHIVEROS,ARCHIVEROS,ARCHIVEROS  DE 4 CAJONES,N/A,N/A,N/A,TOR-Chihuahua,Chihuahua Judicial,Grupo Tormenz,Seminuevo,"$2,200 "
TOR-CHI-1132,MOBILIARIO Y EQUIPO DE OFICINA,ARCHIVEROS,ARCHIVEROS,ARCHIVEROS  DE 4 CAJONES,N/A,N/A,N/A,TOR-Chihuahua,Chihuahua Judicial,Grupo Tormenz,Seminuevo,"$2,200 "
TOR-CHI-1133,MOBILIARIO Y EQUIPO DE OFICINA,ESCRITORIOS DE MADERA,ESCRITORIO DE MADERA,ESCRITORIO DE MADERA  EN L CON CAJONES,N/A,N/A,N/A,TOR-Chihuahua,Chihuahua Judicial,Grupo Tormenz,Seminuevo,"$2,200 "
TOR-CHI-1074,MOBILIARIO Y EQUIPO DE OFICINA,SILLAS SECRETARIAL,SILLA SECRETARIA,SILLA SECRETARIA,N/A,N/A,N/A,TOR-Chihuahua,Chihuahua Extrajudicial,Grupo Tormenz,Seminuevo,"$1,399 "
TOR-CHI-1136,MOBILIARIO Y EQUIPO DE OFICINA,ESCRITORIOS DE MADERA,MAMPARA ,MAMPARA DE MADERA EN L CON REPISA,N/A,N/A,N/A,TOR-Chihuahua,Chihuahua Judicial,Grupo Tormenz,Seminuevo,"$1,500 "
TOR-CHI-1137,MOBILIARIO Y EQUIPO DE OFICINA,ESCRITORIOS DE MADERA,ESCRITORIO DE MADERA,ESCRITORIO DE MADERA  EN L CON CAJONES,N/A,N/A,N/A,TOR-Chihuahua,Chihuahua Judicial,Grupo Tormenz,Seminuevo,"$2,200 "
TOR-CHI-1138,MOBILIARIO Y EQUIPO DE OFICINA,SILLAS EJECUTIVA,SILLA GERENTE,SILLA DE GERENTE CON RUEDAS,N/A,N/A,N/A,TOR-Chihuahua,Chihuahua Judicial,Grupo Tormenz,Seminuevo,"$2,500 "
TOR-CHI-1139,MOBILIARIO Y EQUIPO DE OFICINA,ESCRITORIOS DE MADERA,MAMPARA ,MAMPARA DE MADERA EN L CON REPISA,N/A,N/A,N/A,TOR-Chihuahua,Chihuahua Judicial,Grupo Tormenz,Seminuevo,"$1,500 "
TOR-CHI-1140,MOBILIARIO Y EQUIPO DE OFICINA,ESCRITORIOS DE MADERA,ESCRITORIO DE MADERA,ESCRITORIO DE MADERA CON CAJONES,N/A,N/A,N/A,TOR-Chihuahua,Chihuahua Judicial,Grupo Tormenz,Seminuevo,"$2,200 "
TOR-CHI-1141,MOBILIARIO Y EQUIPO DE OFICINA,ESCRITORIOS DE MADERA,MAMPARA ,MAMPARA DE MADERA EN L CON REPISA,N/A,N/A,N/A,TOR-Chihuahua,Chihuahua Judicial,Grupo Tormenz,Seminuevo,"$1,500 "
TOR-CHI-1090,MOBILIARIO Y EQUIPO DE OFICINA,SILLAS SECRETARIAL,SILLA SECRETARIA,SILLA SECRETARIA CON RUEDAS,N/A,N/A,N/A,TOR-Chihuahua,Chihuahua Extrajudicial,Grupo Tormenz,Malas Condiciones,"$1,399 "
TOR-CHI-1091,MOBILIARIO Y EQUIPO DE OFICINA,SILLAS SECRETARIAL,SILLA SECRETARIA,SILLA SECRETARIA CON RUEDAS,N/A,N/A,N/A,TOR-Chihuahua,Chihuahua Extrajudicial,Grupo Tormenz,Seminuevo,"$1,399 "
TOR-CHI-1126,MOBILIARIO Y EQUIPO DE OFICINA,SILLAS SECRETARIAL,SILLA DE SECRETARIA,SILLA DE SECRETARIA CON RUEDAS,N/A,N/A,N/A,TOR-Chihuahua,Chihuahua Judicial,Grupo Tormenz,Malas Condiciones,"$1,399 "
TOR-CHI-1149,MOBILIARIO Y EQUIPO DE OFICINA,SILLAS EJECUTIVA,SILLA GERENTE,SILLA GERENTE CON RUEDAS,N/A,N/A,N/A,TOR-Chihuahua,Chihuahua Extrajudicial,Grupo Tormenz,Seminuevo,"$2,500 "
TOR-CHI-1150,MOBILIARIO Y EQUIPO DE OFICINA,TELEFONOS,TELEFONO FIJO,Telefono fijo colo blanco,TELMEX,N/A,2.13E+11,TOR-Chihuahua,Chihuahua Extrajudicial,Grupo Tormenz,Seminuevo,650
TOR-CHI-1151,MOBILIARIO Y EQUIPO DE OFICINA,TELEFONOS,TELEFONO FIJO,Telefono negro inalambrico,INTELBRAS,TS30ID,VAXE20098168C,TOR-Chihuahua,Chihuahua Cobranza Fiscal y Titulacion,Grupo Tormenz,Seminuevo,650
TOR-CHI-1154,MOBILIARIO Y EQUIPO DE OFICINA,PANTALLAS,PANTALLA,Pantalla Samsung chica color negro,SAMSUNG,N/A,N/A,TOR-Chihuahua,Chihuahua Direccion,Grupo Tormenz,Seminuevo,2900
TOR-CHI-1155,EQUIPO DE COMPUTO,IMPRESORAS,IMPRESORA ,IMPRESORA EPSON color negro,EPSON,L355,N/A,TOR-Chihuahua,Chihuahua Direccion,Grupo Tormenz,Seminuevo,5000
TOR-CHI-1156,MOBILIARIO Y EQUIPO DE OFICINA,TELEFONOS,TELEFONO FIJO,Telefono inalambrico negro base adicional peque_a,GIGASET,A120H,S30852S2481R5015,TOR-Chihuahua,Chihuahua Direccion,Grupo Tormenz,Seminuevo,650
TOR-CHI-1157,MOBILIARIO Y EQUIPO DE OFICINA,ARCHIVEROS,ARCHIVERO DE MADERA,Archivero de madera de 4 cajones,N/A,N/A,N/A,TOR-Chihuahua,Chihuahua Direccion,Grupo Tormenz,Seminuevo,"$3,500 "
TOR-CHI-1158,MOBILIARIO Y EQUIPO DE OFICINA,TELEFONOS,TELEFONO FIJO,telefono erick,MODERNPHONE,TC1812,N/A,TOR-Chihuahua,Chihuahua Direccion,Grupo Tormenz,Seminuevo,650
TOR-CHI-1159,MOBILIARIO Y EQUIPO DE OFICINA,TELEFONOS,TELEFONO FIJO,Telefono negro inalambrico,INTELBRAS,TS3530,T3LC06004854D,TOR-Chihuahua,Chihuahua Extrajudicial,Grupo Tormenz,Seminuevo,650
TOR-CHI-1160,MOBILIARIO Y EQUIPO DE OFICINA,TELEFONOS,TELEFONO FIJO,Telefono fijo de color negro,AASTRA,9116,H25928701805,TOR-Chihuahua,Chihuahua Extrajudicial,Grupo Tormenz,Seminuevo,650
TOR-CHI-1161,MOBILIARIO Y EQUIPO DE OFICINA,TELEFONOS,TELEFONO FIJO,Telefono fijo color blanco,PANASONIC,KX-T7730,2KBCF974673,TOR-Chihuahua,Chihuahua Extrajudicial,Grupo Tormenz,Seminuevo,650
TOR-CHI-1162,MOBILIARIO Y EQUIPO DE OFICINA,TELEFONOS,TELEFONO FIJO,Telefono fijo color blanco,PANASONIC,KX-TS108ME,2DBKH049503,TOR-Chihuahua,Chihuahua Judicial,Grupo Tormenz,Seminuevo,650
TOR-CHI-1163,MOBILIARIO Y EQUIPO DE OFICINA,TELEFONOS,TELEFONO FIJO,Telefono blanco,PANASONIC,KX-T7705,3JALC103470,TOR-Chihuahua,Chihuahua Judicial,Grupo Tormenz,Seminuevo,650
TOR-CHI-1165,MOBILIARIO Y EQUIPO DE OFICINA,RACKS,RACKS,Rack color negro chico,N/A,N/A,N/A,TOR-Chihuahua,Chihuahua Medicion,Grupo Tormenz,Seminuevo,"$1,750 "
TOR-CHI-1166,MOBILIARIO Y EQUIPO DE OFICINA,RACKS,RACKS,Rack color negro chico,N/A,N/A,N/A,TOR-Chihuahua,Chihuahua Medicion,Grupo Tormenz,Seminuevo,"$1,750 "
TOR-CHI-1167,MOBILIARIO Y EQUIPO DE OFICINA,TELEFONOS,TELEFONO FIJO,Telefono blanco,PANASONIC,KX-TS108ME,2BBKH048014,TOR-Chihuahua,Chihuahua Medicion,Grupo Tormenz,Seminuevo,650
TOR-CHI-1168,MOBILIARIO Y EQUIPO DE OFICINA,TELEFONOS,TELEFONO FIJO,Telefono blanco,PANASONIC,KX-TS500ME,25BKB242952,TOR-Chihuahua,Chihuahua Medicion,Grupo Tormenz,Seminuevo,650
TOR-CHI-1169,MOBILIARIO Y EQUIPO DE OFICINA,ESCRITORIOS DE CRISTAL,ESCRITORIO DE CRISTAL,ESCRITORIO DE CRISTAL EN L,N/A,N/A,N/A,TOR-Chihuahua,Chihuahua Extrajudicial,Grupo Tormenz,Seminuevo,"$2,500 "
TOR-CHI-1170,MOBILIARIO Y EQUIPO DE OFICINA,ARCHIVEROS,ARCHIVERO,ARCHIVERO 4 ESTANTES,N/A,N/A,N/A,TOR-Chihuahua,Chihuahua Extrajudicial,Grupo Tormenz,Seminuevo,"$3,500 "
TOR-CHI-1171,MOBILIARIO Y EQUIPO DE OFICINA,SILLAS EJECUTIVA,SILLA GERENTE,SILLA GERENTE CON RUEDAS,N/A,N/A,N/A,TOR-Chihuahua,Chihuahua Extrajudicial,Grupo Tormenz,Seminuevo,"$2,200 "
TOR-CHI-1185,MOBILIARIO Y EQUIPO DE OFICINA,ARCHIVEROS,ARCHIVERO,ARCHIVERO DE MADERA DE 2 CAJONES,N/A,N/A,N/A,TOR-Chihuahua,Chihuahua Extrajudicial,Grupo Tormenz,Seminuevo,"$2,940 "
TOR-CHI-1196,MOBILIARIO Y EQUIPO DE OFICINA,TELEFONOS,TELEFONO FIJO,Telefono negro inalambrico,INTELBRAS,TS 3530,N/A,TOR-Chihuahua,Chihuahua Extrajudicial,Grupo Tormenz,Seminuevo,650
TOR-CHI-1197,MOBILIARIO Y EQUIPO DE OFICINA,TELEFONOS,TELEFONO FIJO,Telefono fijo color blanco ,TELMEX,RL,N/A,TOR-Chihuahua,Chihuahua Depa,Grupo Tormenz,Buenas Condiciones,600
TOR-CHI-1198,MOBILIARIO Y EQUIPO DE OFICINA,SILLONES,Sillon,Sillon color baige,N/A,N/A,N/A,TOR-Chihuahua,Chihuahua Depa,Grupo Tormenz,Buenas Condiciones,"$2,000 "
TOR-CHI-1199,MOBILIARIO Y EQUIPO DE OFICINA,SILLONES,Sillon,Sillon color baige,N/A,N/A,N/A,TOR-Chihuahua,Chihuahua Depa,Grupo Tormenz,Buenas Condiciones,"$2,000 "
TOR-CHI-1201,MOBILIARIO Y EQUIPO DE OFICINA,LIBREROS,Esquinero,Esquinero de madera,N/A,N/A,N/A,TOR-Chihuahua,Chihuahua Depa,Grupo Tormenz,Buenas Condiciones,"$3,200 "
TOR-CHI-1202,OTROS ACTIVOS FIJOS ,CLIMA,MINISPLIT,Minisplit Mirage,MIRAGE,X2,CXC120F70011600374,TOR-Chihuahua,Chihuahua Depa,Grupo Tormenz,Buenas Condiciones,7000
TOR-CHI-1134,MOBILIARIO Y EQUIPO DE OFICINA,SILLAS SECRETARIAL,SILLA DE SECRETARIA,SILLA DE SECRETARIA CON RUEDAS,N/A,N/A,N/A,TOR-Chihuahua,Chihuahua Judicial,Grupo Tormenz,Seminuevo,"$1,399 "
TOR-CHI-1142,MOBILIARIO Y EQUIPO DE OFICINA,SILLAS SECRETARIAL,SILLA DE SECRETARIA,SILLA SECRETARIA CON RUEDAS,N/A,N/A,N/A,TOR-Chihuahua,Chihuahua Judicial,Grupo Tormenz,Malas Condiciones,"$1,399 "
TOR-CHI-1098,MOBILIARIO Y EQUIPO DE OFICINA,BANCAS DE ESPERA,BANCAS,BANCAS PARA SERVICIO AL CLIENTE CONTRES ASIENTOS CADA BANCA,N/A,N/A,N/A,TOR-Chihuahua,Chihuahua Extrajudicial,Grupo Tormenz,Seminuevo,"$3,000 "
TOR-CHI-1099,MOBILIARIO Y EQUIPO DE OFICINA,BANCAS DE ESPERA,BANCAS,BANCAS PARA SERVICIO AL CLIENTE CONTRES ASIENTOS CADA BANCA,N/A,N/A,N/A,TOR-Chihuahua,Chihuahua Extrajudicial,Grupo Tormenz,Seminuevo,"$3,000 "
TOR-CHI-1100,MOBILIARIO Y EQUIPO DE OFICINA,BANCAS DE ESPERA,BANCAS,BANCAS PARA SERVICIO AL CLIENTE CONTRES ASIENTOS CADA BANCA,N/A,N/A,N/A,TOR-Chihuahua,Chihuahua Extrajudicial,Grupo Tormenz,Seminuevo,"$3,000 "
TOR-CHI-1216,OTROS ACTIVOS FIJOS ,CLIMA,ABANICO,Abanico color gris,VENCOL,N/A,N/A,TOR-Chihuahua,Chihuahua Depa,Grupo Tormenz,Buenas Condiciones,1200
TOR-CHI-1220,MOBILIARIO Y EQUIPO DE OFICINA,PANTALLAS,PANTALLA,Pantalla negra LG,N/A,N/A,N/A,TOR-Chihuahua,Chihuahua Depa,Grupo Tormenz,Buenas Condiciones,3800
TOR-CHI-1200,OTROS ACTIVOS FIJOS ,ENTRETENIMIENTO,Futbolito,Madera,N/A,N/A,N/A,TOR-Chihuahua,Chihuahua Depa,Grupo Tormenz,Buenas Condiciones,5500
TOR-CHI-1203,OTROS ACTIVOS FIJOS ,REFRIGERADOR,Refrigerador,Refrigerador pequenio color cafe,N/A,N/A,N/A,TOR-Chihuahua,Chihuahua Depa,Grupo Tormenz,Buenas Condiciones,2500
TOR-CHI-1211,MOBILIARIO Y EQUIPO DE OFICINA,RACKS,ALACENA,Alacena color cafe con un cajon,N/A,N/A,N/A,TOR-Chihuahua,Chihuahua Depa,Grupo Tormenz,Buenas Condiciones,"$2,500 "
TOR-CHI-1215,MOBILIARIO Y EQUIPO DE OFICINA,LIBREROS,Esquinero,Esquinero de madera cafe,N/A,N/A,N/A,TOR-Chihuahua,Chihuahua Depa,Grupo Tormenz,Buenas Condiciones,"$3,200 "
TOR-CHI-1217,OTROS ACTIVOS FIJOS ,CLIMA,ABANICO,Abanico color gris,MYTEC,N/A,N/A,TOR-Chihuahua,Chihuahua Depa,Grupo Tormenz,Buenas Condiciones,1200
TOR-CHI-1219,OTROS ACTIVOS FIJOS ,ARTICULOS UTILITARIOS,Antena,Antena de TV color negro,STEREN,N/A,N/A,TOR-Chihuahua,Chihuahua Depa,Grupo Tormenz,Buenas Condiciones,350
TOR-CHI-1221,MOBILIARIO Y EQUIPO DE OFICINA,ESCRITORIOS DE MADERA,ESCRITORIO DE MADERA,Escritorio de madera,N/A,N/A,N/A,TOR-Chihuahua,Chihuahua Depa,Grupo Tormenz,Buenas Condiciones,"$2,200 "
TOR-CHI-1222,MOBILIARIO Y EQUIPO DE OFICINA,SILLONES,Sillon,Sillon color beige,N/A,N/A,N/A,TOR-Chihuahua,Chihuahua Depa,Grupo Tormenz,Buenas Condiciones,"$2,000 "
TOR-CHI-1223,MOBILIARIO Y EQUIPO DE OFICINA,SILLONES,Sillon,Sillon color beige,N/A,N/A,N/A,TOR-Chihuahua,Chihuahua Depa,Grupo Tormenz,Buenas Condiciones,"$2,000 "
TOR-CHI-1224,MOBILIARIO Y EQUIPO DE OFICINA,SILLONES,Sillon,Sillon color beige,N/A,N/A,N/A,TOR-Chihuahua,Chihuahua Depa,Grupo Tormenz,Buenas Condiciones,"$2,000 "
TOR-CHI-1225,MOBILIARIO Y EQUIPO DE OFICINA,LIBREROS,Esquinero,Esquinero de madera cafe,N/A,N/A,N/A,TOR-Chihuahua,Chihuahua Depa,Grupo Tormenz,Buenas Condiciones,"$3,200 "
TOR-CHI-1226,OTROS ACTIVOS FIJOS ,CLIMA,MINISPLIT,Minisplit York,YORK,N/A,N/A,TOR-Chihuahua,Chihuahua Depa,Grupo Tormenz,Buenas Condiciones,6500
TOR-CHI-1228,MOBILIARIO Y EQUIPO DE OFICINA,LIBREROS,Esquinero,Esquinero de madera cafe,N/A,N/A,N/A,TOR-Chihuahua,Chihuahua Depa,Grupo Tormenz,Buenas Condiciones,"$3,200 "
TOR-CHI-1229,MOBILIARIO Y EQUIPO DE OFICINA,LIBREROS,Esquinero,Esquinero de madera cafe,N/A,N/A,N/A,TOR-Chihuahua,Chihuahua Depa,Grupo Tormenz,Buenas Condiciones,"$3,200 "
TOR-CHI-1235,OTROS ACTIVOS FIJOS ,ARTICULOS UTILITARIOS,ESPEJO,Espejo mediano de cuerpo completo,N/A,N/A,N/A,TOR-Chihuahua,Chihuahua Depa,Grupo Tormenz,Buenas Condiciones,550
TOR-CHI-1002,EQUIPO DE COMPUTO,CELULARES,Equipo celular LG,Color Oro,LG,X STYLE,3.56E+14,TOR-Chihuahua,Chihuahua Extrajudicial,Grupo Tormenz,Nuevo,3889
TOR-SAL-1003,EQUIPO DE COMPUTO,CELULARES,Equipo celular LG,Color Gris,LG,X STYLE,3.59E+14,TOR-Saltillo,Saltillo Judicial,Grupo Tormenz,Nuevo,3889
TOR-SLP-1001,EQUIPO DE COMPUTO,CELULARES,Equipo celular LG,Color Oro,LG,X STYLE,3.59E+14,TOR-San Luis Potosi,San Luis Potosi Extrajudicial,Grupo Tormenz,Nuevo,3889
TOR-CHI-1004,EQUIPO DE COMPUTO,CELULARES,Equipo celular LG,Color Oro,LG,X STYLE,3.59E+14,TOR-Chihuahua,Chihuahua Extrajudicial,Grupo Tormenz,Nuevo,3889
TOR-DEL-1001,EQUIPO DE COMPUTO,CELULARES,Equipo celular LG,Color Oro,LG,X STYLE,3.59E+14,TOR-Delicias,Delicias Judicial,Grupo Tormenz,Nuevo,3889
TOR-TIJ-1001,EQUIPO DE COMPUTO,CELULARES,Equipo celular LG,Color Oro,LG,X STYLE,3.59E+14,TOR-Tijuana,Tijuana-Judicial,Grupo Tormenz,Nuevo,3889
TOR-SAL-1004,EQUIPO DE COMPUTO,CELULARES,Equipo celular LG,Color Oro,LG,X STYLE,3.59E+14,TOR-Saltillo,Saltillo Extrajudicial,Grupo Tormenz,Nuevo,3889
TOR-DEL-1002,EQUIPO DE COMPUTO,CELULARES,Equipo celular LG,Color Oro,LG,X STYLE,3.59E+14,TOR-Delicias,Delicias Extrajudicial,Grupo Tormenz,Nuevo,3889
TOR-HMO-1006,EQUIPO DE COMPUTO,CELULARES,Equipo celular LG,Color Oro,LG,X STYLE,3.59E+14,TOR-Hermosillo,Hermosillo Judicial,Grupo Tormenz,Nuevo,3889
TOR-TOR-1001,EQUIPO DE COMPUTO,CELULARES,Equipo celular LG,Color Negro,LG,Q7,3.56E+13,TOR-Torreon,Torreon Extrajudicial,Grupo Tormenz,Buenas Condiciones,3499
TOR-JZE-1001,EQUIPO DE COMPUTO,CELULARES,Equipo celular LG,Color Negro,LG,Q7,3.56E+13,TOR-Juarez Ext,Juarez Extrajudicial,Grupo Tormenz,Buenas Condiciones,3499
TOR-SAL-1002,EQUIPO DE COMPUTO,CELULARES,Equipo celular LG,Color Negro,LG,Q7,3.56E+14,TOR-Saltillo,Saltillo Extrajudicial,Grupo Tormenz,Buenas Condiciones,3499
TOR-HMO-1002,EQUIPO DE COMPUTO,CELULARES,Equipo celular LG,Color Negro,LG,Q7,3.56E+14,TOR-Hermosillo,Hermosillo Extrajudicial,Grupo Tormenz,Buenas Condiciones,3499
TOR-TOR-1002,EQUIPO DE COMPUTO,CELULARES,Equipo celular LG,Color Negro,LG,Q7,3.56E+14,TOR-Torreon,Torreon Extrajudicial,Grupo Tormenz,Buenas Condiciones,3499
TOR-TOR-1003,EQUIPO DE COMPUTO,CELULARES,Equipo celular LG,Color Oro,LG,Q7,3.56E+14,TOR-Torreon,Torreon Extrajudicial,Grupo Tormenz,Nuevo,3499
TOR-ACA-1002,EQUIPO DE COMPUTO,CELULARES,Equipo celular LG,Color Oro,LG,Q7,3.56E+14,TOR-Acapulco,Acapulco Extrajudicial,Grupo Tormenz,Nuevo,3499
TOR-ACA-1003,EQUIPO DE COMPUTO,CELULARES,Equipo celular LG,Color Oro,LG,Q7,3.56E+14,TOR-Acapulco,Acapulco Extrajudicial,Grupo Tormenz,Nuevo,3499
TOR-GOM-1005,EQUIPO DE COMPUTO,CELULARES,Equipo celular LG,Color Oro,LG,Q7,3.56E+14,TOR-Gomez Palacio,Gomez Palacio Extrajudicial,Grupo Tormenz,Nuevo,3499
TOR-GOM-1005,EQUIPO DE COMPUTO,CELULARES,Equipo celular LG,Color Oro,LG,Q7,3.56E+14,TOR-Gomez Palacio,Gomez Palacio Extrajudicial,Grupo Tormenz,Nuevo,3499
TOR-MTY-1003,EQUIPO DE COMPUTO,CELULARES,Equipo celular LG,Color Oro,LG,Q7,608ACCV336515,TOR-Monterrey,Monterrey Judicial,Grupo Tormenz,Nuevo,3499
TOR-MTY-1004,EQUIPO DE COMPUTO,CELULARES,Equipo celular LG,Color Oro,LG,Q7,608ACFT336887,TOR-Monterrey,Monterrey Judicial,Grupo Tormenz,Nuevo,3499
TOR-MER-1007,EQUIPO DE COMPUTO,CELULARES,Equipo celular LG,Color Oro,LG,Q7,SN 608ACGW336519,TOR-Merida,Merida Extrajudicial,Grupo Tormenz,Buenas Condiciones,3499
COR-CHI-1002,EQUIPO DE COMPUTO,CELULARES,Equipo celular LG,Color Oro,LG,X POWER,3.59E+14,TOR-Chihuahua,Chihuahua Direccion,Grupo Tormenz,Nuevo,3099
SIR-CHI-1001,EQUIPO DE COMPUTO,CELULARES,Equipo celular LG,Color Oro,LG,X POWER,3.59E+14,TOR-Chihuahua,Chihuahua Direccion,Grupo Tormenz,Buenas Condiciones,3099
TOR-ACA-1001,EQUIPO DE COMPUTO,CELULARES,Equipo celular Samsung,Color Blanco,SAMSUNG,SM-G531H,3.52E+14,TOR-Acapulco,Acapulco Judicial,Grupo Tormenz,Nuevo,3000
TOR-REY-1001,EQUIPO DE COMPUTO,CELULARES,Equipo celular LG,Color Gris,LG,Magna,3.59E+13,TOR-Reynosa,Reynosa Extrajudicial,Grupo Tormenz,Buenas Condiciones,2999
TOR-JZJ-1001,EQUIPO DE COMPUTO,CELULARES,Equipo celular Samsung,Color Blanco,SAMSUNG,GALAXY GRAND Prime,3.52E+14,TOR-Juarez Jud,Juarez Judicial,Grupo Tormenz,Nuevo,2999
TOR-JZJ-1002,EQUIPO DE COMPUTO,CELULARES,Equipo celular Samsung,Color Blanco,SAMSUNG,GALAXY GRAND Prime,3.52E+14,TOR-Juarez Jud,Juarez Judicial,Grupo Tormenz,Nuevo,2999
TOR-JZJ-1003,EQUIPO DE COMPUTO,CELULARES,Equipo celular Samsung,Color Blanco,SAMSUNG,GALAXY GRAND Prime,3.52E+14,TOR-Juarez Jud,Juarez Judicial,Grupo Tormenz,Nuevo,2999
TOR-HMO-1001,EQUIPO DE COMPUTO,CELULARES,Equipo celular Samsung,Color Gris,SAMSUNG,GALAXY GRAND Prime,3.54E+14,TOR-Hermosillo,Hermosillo Judicial,Grupo Tormenz,Buenas Condiciones,2999
TOR-HMO-1003,EQUIPO DE COMPUTO,CELULARES,Equipo celular LG,Color Plata,LG,Magna,3.56E+14,TOR-Hermosillo,Hermosillo Judicial,Grupo Tormenz,Buenas Condiciones,2999
TOR-HMO-1004,EQUIPO DE COMPUTO,CELULARES,Equipo celular LG,Color Plata,LG,Magna,3.56E+14,TOR-Hermosillo,Hermosillo Judicial,Grupo Tormenz,Buenas Condiciones,2999
TOR-JZE-1004,EQUIPO DE COMPUTO,CELULARES,Equipo celular LG,Color Negro,LG,Magna,3.58E+14,TOR-Juarez Ext,Juarez Extrajudicial,Grupo Tormenz,Buenas Condiciones,2999
TOR-JZE-1005,EQUIPO DE COMPUTO,CELULARES,Equipo celular LG,Color Negro,LG,Magna,3.58E+14,TOR-Juarez Ext,Juarez Extrajudicial,Grupo Tormenz,Buenas Condiciones,2999
TOR-JZE-1006,EQUIPO DE COMPUTO,CELULARES,Equipo celular LG,Color Negro,LG,Magna,3.58E+14,TOR-Juarez Ext,Juarez Extrajudicial,Grupo Tormenz,Malas Condiciones,2999
TOR-JZE-1007,EQUIPO DE COMPUTO,CELULARES,Equipo celular LG,Color Negro,LG,Magna,3.58E+14,TOR-Juarez Ext,Juarez Extrajudicial,Grupo Tormenz,Malas Condiciones,2999
TOR-TOR-1004,EQUIPO DE COMPUTO,CELULARES,Equipo celular LG,Color Negro,LG,Magna,3.59E+14,TOR-Torreon,Torreon Extrajudicial,Grupo Tormenz,Buenas Condiciones,2999
TOR-GOM-1006,EQUIPO DE COMPUTO,CELULARES,Equipo celular LG,Color Negro,LG,Magna,3.59E+14,TOR-Gomez Palacio,Gomez Palacio Judicial,Grupo Tormenz,Malas Condiciones,2999
TOR-REY-1004,EQUIPO DE COMPUTO,CELULARES,Equipo celular LG,Color Gris,LG,Magna,3.59E+14,TOR-Reynosa,Reynosa Extrajudicial,Grupo Tormenz,Malas Condiciones,2999
TOR-GOM-1007,EQUIPO DE COMPUTO,CELULARES,Equipo celular LG,Color Negro,LG,Magna,3.59E+14,TOR-Gomez Palacio,Gomez Palacio Extrajudicial,Grupo Tormenz,Buenas Condiciones,2999
TOR-JZE-1008,EQUIPO DE COMPUTO,CELULARES,Equipo celular LG,Color Negro,LG,Magna,3.59E+14,TOR-Juarez Ext,Juarez Extrajudicial,Grupo Tormenz,Buenas Condiciones,2999
TOR-JZE-1009,EQUIPO DE COMPUTO,CELULARES,Equipo celular LG,Color Negro,LG,Magna,3.59E+14,TOR-Juarez Ext,Juarez Extrajudicial,Grupo Tormenz,Buenas Condiciones,2999
TOR-HMO-1007,EQUIPO DE COMPUTO,CELULARES,Equipo celular LG,Color Negro,LG,Magna,3.59E+14,TOR-Hermosillo,Hermosillo Judicial,Grupo Tormenz,Buenas Condiciones,2999
TOR-HMO-1008,EQUIPO DE COMPUTO,CELULARES,Equipo celular LG,Color Negro,LG,Magna,3.59E+14,TOR-Hermosillo,Hermosillo Judicial,Grupo Tormenz,Malas Condiciones,2999
TOR-JZJ-1004,EQUIPO DE COMPUTO,CELULARES,Equipo celular LG,Color Negro,LG,Magna,3.59E+14,TOR-Juarez Jud,Juarez Judicial,Grupo Tormenz,Malas Condiciones,2999
TOR-REY-1005,EQUIPO DE COMPUTO,CELULARES,Equipo celular LG,Color Gris,LG,Magna,3.59E+14,TOR-Reynosa,Reynosa Extrajudicial,Grupo Tormenz,Malas Condiciones,2999
TOR-DEL-1003,EQUIPO DE COMPUTO,CELULARES,Equipo celular LG,Color Plomo,LG,Magna,3.59E+14,TOR-Delicias,Delicias Extrajudicial,Grupo Tormenz,Buenas Condiciones,2999
TOR-TOR-1005,EQUIPO DE COMPUTO,CELULARES,Equipo celular LG,Color Negro,LG,Magna,3.59E+14,TOR-Torreon,Torreon Extrajudicial,Grupo Tormenz,Buenas Condiciones,2999
TOR-TOR-1006,EQUIPO DE COMPUTO,CELULARES,Equipo celular LG,Color Negro,LG,Magna,3.59E+14,TOR-Torreon,Torreon Extrajudicial,Grupo Tormenz,Buenas Condiciones,2999
TOR-NOG-1001,EQUIPO DE COMPUTO,CELULARES,Equipo celular LG,Color Negro,LG,Magna,3.59E+14,TOR-Nogales,Nogales Extrajudicial,Grupo Tormenz,Buenas Condiciones,2999
TOR-HMO-1009,EQUIPO DE COMPUTO,CELULARES,Equipo celular LG,Color Gris,LG,Magna,3.59E+14,TOR-Hermosillo,Hermosillo Extrajudicial,Grupo Tormenz,Malas Condiciones,2999
TOR-NOG-1002,EQUIPO DE COMPUTO,CELULARES,Equipo celular LG,Color Negro,LG,Magna,3.59E+14,TOR-Nogales,Nogales Extrajudicial,Grupo Tormenz,Buenas Condiciones,2999
TOR-NOG-1003,EQUIPO DE COMPUTO,CELULARES,Equipo celular LG,Color Negro,LG,Magna,3.59E+14,TOR-Nogales,Nogales Extrajudicial,Grupo Tormenz,Buenas Condiciones,2999
TOR-REY-1006,EQUIPO DE COMPUTO,CELULARES,Equipo celular LG,Color Gris,LG,Magna,3.59E+14,TOR-Reynosa,Reynosa Extrajudicial,Grupo Tormenz,Buenas Condiciones,2999
TOR-CHI-1005,EQUIPO DE COMPUTO,CELULARES,Equipo celular LG,Color Plomo,LG,Magna,3.59E+14,TOR-Chihuahua,Chihuahua Extrajudicial,Grupo Tormenz,Malas Condiciones,2999
TOR-GOM-1008,EQUIPO DE COMPUTO,CELULARES,Equipo celular LG,Color Negro,LG,Magna,3.59E+14,TOR-Gomez Palacio,Gomez Palacio Judicial,Grupo Tormenz,Buenas Condiciones,2999
TOR-ACA-1004,EQUIPO DE COMPUTO,CELULARES,Equipo celular LG,Color Negro,LG,Magna,3.59E+14,TOR-Acapulco,Acapulco Extrajudicial,Grupo Tormenz,Buenas Condiciones,2999
TOR-MTY-1001,EQUIPO DE COMPUTO,CELULARES,Equipo celular LG,Color Plomo,LG,Magna,3.59E+14,TOR-Chihuahua,Chihuahua Extrajudicial,Grupo Tormenz,Malas Condiciones,2999
TOR-SLP-1002,EQUIPO DE COMPUTO,CELULARES,Equipo celular LG,Color Gris,LG,Magna,3.59E+14,TOR-San Luis Potosi,San Luis Potosi Extrajudicial,Grupo Tormenz,Malas Condiciones,2999
TOR-DEL-1004,EQUIPO DE COMPUTO,CELULARES,Equipo celular LG,Color Plomo,LG,Magna,3.59E+14,TOR-Delicias,Delicias Extrajudicial,Grupo Tormenz,Buenas Condiciones,2999
TOR-DEL-1005,EQUIPO DE COMPUTO,CELULARES,Equipo celular LG,Color Plomo,LG,Magna,3.59E+14,TOR-Delicias,Delicias Extrajudicial,Grupo Tormenz,Buenas Condiciones,2999
TOR-HMO-1010,EQUIPO DE COMPUTO,CELULARES,Equipo celular LG,Color Gris,LG,Magna,3.59E+14,TOR-Hermosillo,Hermosillo Extrajudicial,Grupo Tormenz,Malas Condiciones,2999
TOR-HMO-1011,EQUIPO DE COMPUTO,CELULARES,Equipo celular LG,Color Gris,LG,Magna,3.59E+14,TOR-Hermosillo,Hermosillo Extrajudicial,Grupo Tormenz,Malas Condiciones,2999
TOR-HMO-1012,EQUIPO DE COMPUTO,CELULARES,Equipo celular LG,Color Gris,LG,Magna,3.59E+14,TOR-Hermosillo,Hermosillo Extrajudicial,Grupo Tormenz,Malas Condiciones,2999
TOR-HMO-1013,EQUIPO DE COMPUTO,CELULARES,Equipo celular LG,Color Gris,LG,Magna,3.59E+14,TOR-Hermosillo,Hermosillo Extrajudicial,Grupo Tormenz,Malas Condiciones,2999
TOR-SLP-1003,EQUIPO DE COMPUTO,CELULARES,Equipo celular LG,Color Gris,LG,Magna,3.59E+14,TOR-San Luis Potosi,San Luis Potosi Extrajudicial,Grupo Tormenz,Buenas Condiciones,2999
TOR-HMO-1014,EQUIPO DE COMPUTO,CELULARES,Equipo celular LG,Color Gris,LG,Magna,3.59E+14,TOR-Hermosillo,Hermosillo Extrajudicial,Grupo Tormenz,Buenas Condiciones,2999
TOR-SLP-1004,EQUIPO DE COMPUTO,CELULARES,Equipo celular LG,Color Gris,LG,Magna,3.59E+14,TOR-San Luis Potosi,San Luis Potosi Extrajudicial,Grupo Tormenz,Buenas Condiciones,2999
TOR-NOG-1004,EQUIPO DE COMPUTO,CELULARES,Equipo celular LG,Color Negro,LG,Magna,3.59E+14,TOR-Nogales,Nogales Extrajudicial,Grupo Tormenz,Malas Condiciones,2999
TOR-DEL-1010,EQUIPO DE COMPUTO,CELULARES,Equipo celular LG,Color Plomo,LG,Magna, -,TOR-Delicias,Delicias Extrajudicial,Grupo Tormenz,Buenas Condiciones,2999
TOR-CHI-1006,EQUIPO DE COMPUTO,CELULARES,Equipo celular LG,Color Negro,LG,Magna,3.59E+15,TOR-Chihuahua,Chihuahua Extrajudicial,Grupo Tormenz,Buenas Condiciones,2999
TOR-MTY-1005,EQUIPO DE COMPUTO,CELULARES,Equipo celular LG,Color Gris,LG,Magna,3.59E+13,TOR-Monterrey,Monterrey Extrajudicial,Grupo Tormenz,Malas Condiciones,2999
TOR-MTY-1008,EQUIPO DE COMPUTO,CELULARES,Equipo celular LG,Color Gris,LG,Magna,509CYDG486090,TOR-Monterrey,Monterrey Extrajudicial,Grupo Tormenz,Malas Condiciones,2999
SIR-CHI-1002,EQUIPO DE COMPUTO,CELULARES,Equipo celuar HUAWEI,Color Negro,HUAWEI,ALE-L23,8.61E+14,TOR-Chihuahua,Chihuahua Direccion,Grupo Tormenz,Buenas Condiciones,2750
TOR-GOM-1001,EQUIPO DE COMPUTO,CELULARES,Equipo celular Samsung,Color Blanco,SAMSUNG,Galaxy S3 mini,3.52E+14,TOR-Gomez Palacio,Gomez Palacio Fiscal y Titulacion,Grupo Tormenz,Buenas Condiciones,2700
TOR-HMO-1005,EQUIPO DE COMPUTO,CELULARES,Equipo celular LG,Color Gris,LG,SPIRIT,3.58E+14,TOR-Hermosillo,Hermosillo Extrajudicial,Grupo Tormenz,Buenas Condiciones,2499
TOR-REY-1003,EQUIPO DE COMPUTO,CELULARES,Equipo celular LG,Color Gris,LG,SPIRIT,3.58E+14,TOR-Reynosa,Reynosa Extrajudicial,Grupo Tormenz,Buenas Condiciones,2499
TOR-REY-1002,EQUIPO DE COMPUTO,CELULARES,Equipo celular HTC,Color Negro,HTC,CE2200,3.57E+14,TOR-Reynosa,Reynosa Judicial,Grupo Tormenz,Malas Condiciones,2200
TOR-CHI-1003,EQUIPO DE COMPUTO,CELULARES,Equipo celular HTC,Color Negro,HTC,DESIRE 5266,3.57E+14,TOR-Chihuahua,Chihuahua Extrajudicial,Grupo Tormenz,Buenas Condiciones,2199
TOR-TAB-1001,EQUIPO DE COMPUTO,CELULARES,Equipo celular LG,Color Gris,LG,H500f,3.59E+14,TOR-Villahermosa,Villahermosa Extrajudicial,Grupo Tormenz,Buenas Condiciones,2000
TOR-DGO-1001,EQUIPO DE COMPUTO,CELULARES,Equipo celular LG,Color Gris,LG,H500f,3.59E+14,TOR-Durango,Durango Extrajudicial,Grupo Tormenz,Buenas Condiciones,2000
TOR-TAB-1002,EQUIPO DE COMPUTO,CELULARES,Equipo celular LG,Color Gris,LG,H500f,3.59E+14,TOR-Villahermosa,Villahermosa Extrajudicial,Grupo Tormenz,Malas Condiciones,2000
TOR-DGO-1002,EQUIPO DE COMPUTO,CELULARES,Equipo celular LG,Color Gris,LG,H500f,3.59E+14,TOR-Durango,Durango Extrajudicial,Grupo Tormenz,Malas Condiciones,2000
TOR-TAB-1003,EQUIPO DE COMPUTO,CELULARES,Equipo celular LG,Color Gris,LG,H500f,3.59E+14,TOR-Villahermosa,Villahermosa Extrajudicial,Grupo Tormenz,Malas Condiciones,2000
TOR-TAB-1004,EQUIPO DE COMPUTO,CELULARES,Equipo celular LG,Color Gris,LG,H500f,3.59E+14,TOR-Villahermosa,Villahermosa Extrajudicial,Grupo Tormenz,Malas Condiciones,2000
TOR-TAB-1005,EQUIPO DE COMPUTO,CELULARES,Equipo celular LG,Color Gris,LG,H500f,3.59E+14,TOR-Villahermosa,Villahermosa Extrajudicial,Grupo Tormenz,Baja,2000
TOR-DGO-1003,EQUIPO DE COMPUTO,CELULARES,Equipo celular LG,Color Gris,LG,H500f,3.59E+14,TOR-Durango,Durango Judicial,Grupo Tormenz,Buenas Condiciones,2000
TOR-MTY-1002,EQUIPO DE COMPUTO,CELULARES,Equipo celular LG,Color Plata,LG,M4,509CYEA486452,TOR-Monterrey,Monterrey Judicial,Grupo Tormenz,Malas Condiciones,2000
TOR-MER-1005,EQUIPO DE COMPUTO,CELULARES,Equipo celular LG,Color Negro,LG,H500f,SN 505CYGW032815,TOR-Merida,Merida Extrajudicial,Grupo Tormenz,Buenas Condiciones,2000
TOR-MER-1006,EQUIPO DE COMPUTO,CELULARES,Equipo celular LG,Color Negro,LG,H500f,SN 508CYPY416280,TOR-Merida,Merida Extrajudicial,Grupo Tormenz,Buenas Condiciones,2000
TOR-MER-1001,EQUIPO DE COMPUTO,CELULARES,Equipo celular LG,Color Negro,LG,H500f,508 CYJZ417236,TOR-Merida,Merida Judicial,Grupo Tormenz,Buenas Condiciones,2000
TOR-GOM-1002,EQUIPO DE COMPUTO,CELULARES,Equipo celular Samsung,Color Blanco,SAMSUNG,G5,3.52E+14,TOR-Gomez Palacio,Gomez Palacio Judicial,Grupo Tormenz,Malas Condiciones,1949
TOR-CHI-1007,EQUIPO DE COMPUTO,CELULARES,Equipo celular POLAROID,Color Negro,POLAROID,COSMOS 505,3.95E+15,TOR-Chihuahua,Chihuahua Judicial,Grupo Tormenz,Malas Condiciones,1849
TOR-MTY-1006,EQUIPO DE COMPUTO,CELULARES,Equipo celular ZTE,Color Negro,ZTE,BLADE L2 PLUS,8.67E+14,TOR-Monterrey,Monterrey Extrajudicial,Grupo Tormenz,Malas Condiciones,1799
TOR-MTY-1009,EQUIPO DE COMPUTO,CELULARES,Equipo celular ZTE,Color Negro,ZTE,BLADE L2 PLUS,8.67E+14,TOR-Monterrey,Monterrey Extrajudicial,Grupo Tormenz,Malas Condiciones,1799
TOR-SLP-1005,EQUIPO DE COMPUTO,BATERIA EXTERNA ,Bateria  Externa Portatil,Color Negro,ATOMICTHREE,D2PB60BK,BR 10599,TOR-San Luis Potosi,San Luis Potosi Extrajudicial,Grupo Tormenz,Nuevo,269
TOR-SLP-1006,EQUIPO DE COMPUTO,BATERIA EXTERNA ,Bateria  Externa Portatil,Color Negro,ATOMICTHREE,D2PB60BK,BR 10613,TOR-San Luis Potosi,San Luis Potosi Extrajudicial,Grupo Tormenz,Nuevo,269
TOR-SLP-1007,EQUIPO DE COMPUTO,BATERIA EXTERNA ,Bateria  Externa Portatil,Color Negro,ATOMICTHREE,D2PB60BK,BR 10614,TOR-San Luis Potosi,San Luis Potosi Extrajudicial,Grupo Tormenz,Nuevo,269
TOR-DEL-1006,EQUIPO DE COMPUTO,BATERIA EXTERNA ,Bateria  Externa Portatil,Color Negro,ATOMICTHREE,D2PB60BK,BR10546,TOR-Delicias,Delicias Extrajudicial,Grupo Tormenz,Nuevo,269
TOR-DEL-1007,EQUIPO DE COMPUTO,BATERIA EXTERNA ,Bateria  Externa Portatil,Color Negro,ATOMICTHREE,D2PB60BK,BR10547,TOR-Delicias,Delicias Extrajudicial,Grupo Tormenz,Nuevo,269
TOR-GOM-1009,EQUIPO DE COMPUTO,BATERIA EXTERNA ,Bateria  Externa Portatil,Color Negro,ATOMICTHREE,D2PB60BK,BR10549,TOR-Gomez Palacio,Gomez Palacio Extrajudicial,Grupo Tormenz,Buenas Condiciones,269
TOR-GOM-1010,EQUIPO DE COMPUTO,BATERIA EXTERNA ,Bateria  Externa Portatil,Color Negro,ATOMICTHREE,D2PB60BK,BR10550,TOR-Gomez Palacio,Gomez Palacio Extrajudicial,Grupo Tormenz,Buenas Condiciones,269
TOR-GOM-1011,EQUIPO DE COMPUTO,BATERIA EXTERNA ,Bateria  Externa Portatil,Color Negro,ATOMICTHREE,D2PB60BK,BR10552,TOR-Gomez Palacio,Gomez Palacio Extrajudicial,Grupo Tormenz,Buenas Condiciones,269
TOR-HMO-1015,EQUIPO DE COMPUTO,BATERIA EXTERNA ,Bateria  Externa Portatil,Color Negro,ATOMICTHREE,D2PB60BK,BR10555,TOR-Hermosillo,Hermosillo Judicial,Grupo Tormenz,Buenas Condiciones,269
TOR-HMO-1016,EQUIPO DE COMPUTO,BATERIA EXTERNA ,Bateria  Externa Portatil,Color Negro,ATOMICTHREE,D2PB60BK,BR10556,TOR-Hermosillo,Hermosillo Judicial,Grupo Tormenz,Buenas Condiciones,269
TOR-HMO-1017,EQUIPO DE COMPUTO,BATERIA EXTERNA ,Bateria  Externa Portatil,Color Negro,ATOMICTHREE,D2PB60BK,BR10558,TOR-Hermosillo,Hermosillo Judicial,Grupo Tormenz,Buenas Condiciones,269
TOR-HMO-1018,EQUIPO DE COMPUTO,BATERIA EXTERNA ,Bateria  Externa Portatil,Color Negro,ATOMICTHREE,D2PB60BK,BR10564,TOR-Hermosillo,Hermosillo Judicial,Grupo Tormenz,Buenas Condiciones,269
TOR-REY-1008,EQUIPO DE COMPUTO,BATERIA EXTERNA ,Bateria  Externa Portatil,Color Negro,ATOMICTHREE,D2PB60BK,BR10593,TOR-Reynosa,Reynosa Extrajudicial,Grupo Tormenz,Nuevo,269
TOR-REY-1009,EQUIPO DE COMPUTO,BATERIA EXTERNA ,Bateria  Externa Portatil,Color Negro,ATOMICTHREE,D2PB60BK,BR10594,TOR-Reynosa,Reynosa Extrajudicial,Grupo Tormenz,Nuevo,269
TOR-REY-1010,EQUIPO DE COMPUTO,BATERIA EXTERNA ,Bateria  Externa Portatil,Color Negro,ATOMICTHREE,D2PB60BK,BR10595,TOR-Reynosa,Reynosa Extrajudicial,Grupo Tormenz,Nuevo,269
TOR-REY-1011,EQUIPO DE COMPUTO,BATERIA EXTERNA ,Bateria  Externa Portatil,Color Negro,ATOMICTHREE,D2PB60BK,BR10596,TOR-Reynosa,Reynosa Extrajudicial,Grupo Tormenz,Nuevo,269
TOR-DEL-1008,EQUIPO DE COMPUTO,BATERIA EXTERNA ,Bateria  Externa Portatil,Color Negro,ATOMICTHREE,D2PB60BK,BR10616,TOR-Delicias,Delicias Extrajudicial,Grupo Tormenz,Nuevo,269
TOR-DGO-1004,EQUIPO DE COMPUTO,BATERIA EXTERNA ,Bateria  Externa Portatil,Color Negro,ATOMICTHREE,D2PB60BK,BRL0548,TOR-Durango,Durango Extrajudicial,Grupo Tormenz,Buenas Condiciones,269
TOR-ACA-1005,EQUIPO DE COMPUTO,BATERIA EXTERNA ,Bateria  Externa Portatil,Color Negro,ATOMICTHREE,D2PB60BK, -,TOR-Acapulco,Acapulco Extrajudicial,Grupo Tormenz,Nuevo,269
TOR-ACA-1006,EQUIPO DE COMPUTO,BATERIA EXTERNA ,Bateria  Externa Portatil,Color Negro,ATOMICTHREE,D2PB60BK, -,TOR-Acapulco,Acapulco Extrajudicial,Grupo Tormenz,Nuevo,269
TOR-JZJ-1005,EQUIPO DE COMPUTO,BATERIA EXTERNA ,Bateria  Externa Portatil,Color Negro,ATOMICTHREE,D2PB60BK,BR10572,TOR-Juarez Jud,Juarez Judicial,Grupo Tormenz,Nuevo,269
TOR-MER-1002,EQUIPO DE COMPUTO,BATERIA EXTERNA ,Bateria  Externa Portatil,Color Negro,ATOMICTHREE,D2PB60BK, -,TOR-Merida,Merida Extrajudicial,Grupo Tormenz,Buenas Condiciones,269
TOR-MER-1003,EQUIPO DE COMPUTO,BATERIA EXTERNA ,Bateria  Externa Portatil,Color Negro,ATOMICTHREE,D2PB60BK,BR10573,TOR-Merida,Merida Extrajudicial,Grupo Tormenz,Buenas Condiciones,269
TOR-MER-1004,EQUIPO DE COMPUTO,BATERIA EXTERNA ,Bateria  Externa Portatil,Color Negro,ATOMICTHREE,D2PB60BK,BR10575,TOR-Merida,Merida Extrajudicial,Grupo Tormenz,Buenas Condiciones,269
TOR-TAB-1006,EQUIPO DE COMPUTO,BATERIA EXTERNA ,Bateria  Externa Portatil,Color Negro,ATOMICTHREE,D2PB60BK,DR10606,TOR-Villahermosa,Villahermosa Extrajudicial,Grupo Tormenz,Buenas Condiciones,269
TOR-TAB-1007,EQUIPO DE COMPUTO,BATERIA EXTERNA ,Bateria  Externa Portatil,Color Negro,ATOMICTHREE,D2PB60BK,DR10607,TOR-Villahermosa,Villahermosa Extrajudicial,Grupo Tormenz,Buenas Condiciones,269
TOR-TAB-1008,EQUIPO DE COMPUTO,BATERIA EXTERNA ,Bateria  Externa Portatil,Color Negro,ATOMICTHREE,D2PB60BK,DR10608,TOR-Villahermosa,Villahermosa Extrajudicial,Grupo Tormenz,Buenas Condiciones,269
TOR-JZE-1002,EQUIPO DE COMPUTO,CELULARES,Equipo celular Motorola,Color Negro,MOTOROLA,Moto G,3.53E+14,TOR-Juarez Ext,Juarez Extrajudicial,Grupo Tormenz,Malas Condiciones,1500
TOR-JZE-1003,EQUIPO DE COMPUTO,CELULARES,Equipo celular Motorola,Color Negro,MOTOROLA,Moto G,3.53E+14,TOR-Juarez Ext,Juarez Extrajudicial,Grupo Tormenz,Malas Condiciones,1500
TOR-GOM-1003,EQUIPO DE COMPUTO,CELULARES,Equipo celular Motorola,Color Negro,MOTOROLA,Moto G,3.53E+14,TOR-Gomez Palacio,Gomez Palacio Extrajudicial,Grupo Tormenz,Buenas Condiciones,1500
TOR-REY-1012,EQUIPO DE COMPUTO,BATERIA EXTERNA ,Bateria  Externa Portatil,Color Negro,ATOMICTHREE,D2PB60BK, -,TOR-Reynosa,Reynosa Judicial,Grupo Tormenz,Nuevo,269
TOR-HMO-1019,EQUIPO DE COMPUTO,BATERIA EXTERNA ,Bateria  Externa Portatil,Color Negro,ATOMICTHREE,D2PB60BK,BR10557,TOR-Hermosillo,Hermosillo Judicial,Grupo Tormenz,Buenas Condiciones,269
TOR-DEL-1009,EQUIPO DE COMPUTO,BATERIA EXTERNA ,Bateria  Externa Portatil,Color Negro,ATOMICTHREE,D2PB60BK, -,TOR-Delicias,Delicias Extrajudicial,Grupo Tormenz,Nuevo,269
TOR-GOM-1004,EQUIPO DE COMPUTO,CELULARES,Equipo celular Motorola,Color Negro,MOTOROLA,Moto G,3.53E+14,TOR-Gomez Palacio,Gomez Palacio Extrajudicial,Grupo Tormenz,Malas Condiciones,1500
TOR-ACA-1007,EQUIPO DE COMPUTO,BATERIA EXTERNA ,Bateria  Externa Portatil,Color Negro,ATOMICTHREE,D2PB60BK, -,TOR-Acapulco,Acapulco Extrajudicial,Grupo Tormenz,Nuevo,269
TOR-ACA-1008,EQUIPO DE COMPUTO,BATERIA EXTERNA ,Bateria  Externa Portatil,Color Negro,ATOMICTHREE,D2PB60BK,BR10538,TOR-Acapulco,Acapulco Judicial,Grupo Tormenz,Nuevo,269
TOR-SAL-1001,EQUIPO DE COMPUTO,CELULARES,Equipo celular Motorola,Color Negro,MOTOROLA,Moto G,3.53E+14,TOR-Saltillo,Saltillo Extrajudicial,Grupo Tormenz,Buenas Condiciones,1500
TOR-CHI-1001,EQUIPO DE COMPUTO,CELULARES,Equipo celular Motorola,Color Negro,MOTOROLA,Moto G,3.55E+14,TOR-Chihuahua,Chihuahua Extrajudicial,Grupo Tormenz,Malas Condiciones,1500
TOR-QRO-1002,EQUIPO DE COMPUTO,CELULARES,Equipo celular Motorola,Color Negro,MOTOROLA,Moto G,3.55E+14,TOR-Queretaro,Queretaro Extrajudicial,Grupo Tormenz,Buenas Condiciones,1500
TOR-QRO-1003,EQUIPO DE COMPUTO,CELULARES,Equipo celular Motorola,Color Negro,MOTOROLA,Moto G,3.55E+14,TOR-Queretaro,Queretaro Extrajudicial,Grupo Tormenz,Buenas Condiciones,1500
TOR-ACA-1009,EQUIPO DE COMPUTO,BATERIA EXTERNA ,Bateria  Externa Portatil,Color Negro,ATOMICTHREE,D2PB60BK, -,TOR-Acapulco,Acapulco Extrajudicial,Grupo Tormenz,Nuevo,269
TOR-JZJ-1006,EQUIPO DE COMPUTO,BATERIA EXTERNA ,Bateria  Externa Portatil,Color Negro,ATOMICTHREE,D2PB60BK, -,TOR-Juarez Jud,Juarez Judicial,Grupo Tormenz,Nuevo,269
TOR-QRO-1004,EQUIPO DE COMPUTO,CELULARES,Equipo celular Motorola,Color Negro,MOTOROLA,Moto G,3.55E+14,TOR-Queretaro,Queretaro Extrajudicial,Grupo Tormenz,Buenas Condiciones,1500
TOR-QRO-1005,EQUIPO DE COMPUTO,CELULARES,Equipo celular Motorola,Color Negro,MOTOROLA,Moto G,3.55E+14,TOR-Queretaro,Queretaro Extrajudicial,Grupo Tormenz,Buenas Condiciones,1500
TOR-REY-1007,EQUIPO DE COMPUTO,CELULARES,Equipo celular Motorola,Color Negro,MOTOROLA,Moto G,8952020314331255153FH2,TOR-Reynosa,Reynosa Extrajudicial,Grupo Tormenz,Buenas Condiciones,1500
TOR-SAL-1005,EQUIPO DE COMPUTO,CELULARES,Equipo celular Motorola,Color Negro,MOTOROLA,Moto G,5.33E+14,TOR-Saltillo,Saltillo Extrajudicial,Grupo Tormenz,Buenas Condiciones,1500
TOR-MTY-1007,EQUIPO DE COMPUTO,CELULARES,Equipo celular Motorola,Color Negro,MOTOROLA,Moto G,3.53E+14,TOR-Monterrey,Monterrey Extrajudicial,Grupo Tormenz,Malas Condiciones,1500
TOR-MTY-1010,EQUIPO DE COMPUTO,CELULARES,Equipo celular Motorola,Color Negro,MOTOROLA,Moto G,3.53E+15,TOR-Monterrey,Monterrey Extrajudicial,Grupo Tormenz,Malas Condiciones,1500
TOR-QRO-1006,EQUIPO DE COMPUTO,COMPUTADORA DE ESCRITORIO,Computadora de Escritorio DELL,Color Negro,DELL,3043,30409633082,TOR-Queretaro,Queretaro Extrajudicial,Grupo Tormenz,Buenas Condiciones,3500
TOR-MTY-1011,EQUIPO DE COMPUTO,LAPTOPS,Computadora Laptop LENOVO,AMD A6-6310 APU with AMD Radeon R4 Graphics3 GB451 GBWindows 8.1 Single Language (64-bit),LENOVO,Lenovo G40-45,1.07E+12,TOR-Monterrey,Monterrey Judicial,Grupo Tormenz,Buenas Condiciones,7000
TOR-TOR-1007,EQUIPO DE COMPUTO,LAPTOPS,Computadora Laptop LENOVO,Color Negro con Gris,LENOVO,G40-45,1.07E+12,TOR-Gomez Palacio,Gomez Palacio Fiscal y Titulacion,Grupo Tormenz,Buenas Condiciones,7000
TOR-HMO-1020,EQUIPO DE COMPUTO,LAPTOPS,Computadora Laptop LENOVO,AMD A6-6310 APU with AMD Radeon R4 Graphics3 GB451 GBWindows 8.1 Single Language (64-bit),LENOVO,Lenovo G40-45,1.07E+12,TOR-Hermosillo,Hermosillo Judicial,Grupo Tormenz,Buenas Condiciones,7000
TOR-MER-1008,EQUIPO DE COMPUTO,COMPUTADORA DE ESCRITORIO,Computadora de Escritorio HP,Color Negro,HP,205 G1,00330800000000AA830,TOR-Merida,Merida Judicial,Grupo Tormenz,Buenas Condiciones,3500
TOR-MTY-1012,EQUIPO DE COMPUTO,LAPTOPS,Computadora Laptop TOSHIBA,Core i3 4GB 500GB 8,TOSHIBA,C55-B5115KM,1F292417P,TOR-Monterrey,Monterrey Extrajudicial,Grupo Tormenz,Buenas Condiciones,7000
TOR-SAL-1006,EQUIPO DE COMPUTO,COMPUTADORA DE ESCRITORIO,Computadora de Escritorio HP,Color Negro con Gris,HP,PAVILION 20,3CR2390ZSQ,TOR-Saltillo,Saltillo Judicial,Grupo Tormenz,Buenas Condiciones,3500
TOR-REY-1013,EQUIPO DE COMPUTO,COMPUTADORA DE ESCRITORIO,Computadora de Escritorio HP,Color Negro,HP,20-B001ia,3CR30319RH,TOR-Reynosa,Reynosa Judicial,Grupo Tormenz,Buenas Condiciones,3500
TOR-DGO-1005,EQUIPO DE COMPUTO,LAPTOPS,Computadora Laptop DELL,Intel(R) Core(TM) i3-3217U CPU @ 1.80GHz4 GB457 GBWindows 10 Home Single Language (64-bit),DELL,Inspiron 3521,3S0WPY1,TOR-Durango,Durango Extrajudicial,Grupo Tormenz,Buenas Condiciones,7000
TOR-DEL-1011,EQUIPO DE COMPUTO,COMPUTADORA DE ESCRITORIO,Computadora de Escritorio HP,"AMD E1-2500 APU with Radeon(TM) HD Graphics3 GB466 GBWindows 7 Pro, SP 1 (64-bit)",HP,HP 205 G1 AiO Business PC,4CE4010RSL,TOR-Delicias,Delicias Extrajudicial,Grupo Tormenz,Buenas Condiciones,3500
TOR-SLP-1008,EQUIPO DE COMPUTO,COMPUTADORA DE ESCRITORIO,Computadora de Escritorio HP,Color Negro con Gris,HP,HP 205,4CE4010RV5,TOR-San Luis Potosi,San Luis Potosi Extrajudicial,Grupo Tormenz,Buenas Condiciones,3500
TOR-TOR-1008,EQUIPO DE COMPUTO,COMPUTADORA DE ESCRITORIO,Computadora de Escritorio HP,Color Negro con Gris,HP,HP 18,4CE434063Z,TOR-Torreon,Torreon Judicial,Grupo Tormenz,Buenas Condiciones,3500
TOR-ACA-1010,EQUIPO DE COMPUTO,COMPUTADORA DE ESCRITORIO,Computadora de Escritorio HP,Color Negro,HP,HP 18AL,4CE4370LP3,TOR-Acapulco,Acapulco Extrajudicial,Grupo Tormenz,Buenas Condiciones,3500
TOR-TAB-1009,EQUIPO DE COMPUTO,COMPUTADORA DE ESCRITORIO,Computadora de Escritorio HP,Color Negro con Gris,HP,HP 205 G1,4CE4450D72,TOR-Villahermosa,Villahermosa Extrajudicial,Grupo Tormenz,Buenas Condiciones,3500
TOR-TOR-1009,EQUIPO DE COMPUTO,COMPUTADORA DE ESCRITORIO,Computadora de Escritorio HP,Color Negro con Gris,HP,HP 205,4CE45105PV,TOR-Torreon,Torreon Extrajudicial,Grupo Tormenz,Buenas Condiciones,3500
TOR-CHI-1010,EQUIPO DE COMPUTO,COMPUTADORA DE ESCRITORIO,Computadora de Escritorio HP,AMD E1-2500 4GB 500GB 10,HP,HP 205 G1,4CE45105WY,TOR-Chihuahua,Chihuahua Judicial,Grupo Tormenz,Buenas Condiciones,3500
TOR-CHI-1011,EQUIPO DE COMPUTO,COMPUTADORA DE ESCRITORIO,Computadora de Escritorio HP,AMD 1.4GHz 4GB 500GB 6,HP,1105,4CE4510682,TOR-Chihuahua,Chihuahua Judicial,Grupo Tormenz,Buenas Condiciones,3500
TOR-GDL-1001,EQUIPO DE COMPUTO,COMPUTADORA DE ESCRITORIO,Computadora de Escritorio HP,"AMD E1-2500 APU with Radeon(TM) HD Graphics3 GB466 GBWindows 7 Pro, SP 1 (64-bit)",HP,HP 205 G1 AiO Business PC,4CE451068G,TOR-Guadalajara,Guadalajara Apertura de Credito,Grupo Tormenz,Buenas Condiciones,3500
TOR-SAL-1007,EQUIPO DE COMPUTO,COMPUTADORA DE ESCRITORIO,Computadora de Escritorio HP,Color Negro con Gris,HP,HP 205,4CE451068L,TOR-Saltillo,Saltillo Extrajudicial,Grupo Tormenz,Buenas Condiciones,3500
TOR-CHI-1012,EQUIPO DE COMPUTO,COMPUTADORA DE ESCRITORIO,Computadora de Escritorio HP,AMD 1.4GHz 4GB 500GB 5,HP,1105,4CE45106LW,TOR-Chihuahua,Chihuahua Judicial,Grupo Tormenz,Buenas Condiciones,3500
TOR-GOM-1012,EQUIPO DE COMPUTO,COMPUTADORA DE ESCRITORIO,Computadora de Escritorio DELL,"Intel Pentium III Xeon processor2 GB149 GBWindows XP Pro, SP 3 (32-bit)",DELL,OptiPlex 960,4RYJQL1,TOR-Gomez Palacio,Gomez Palacio Extrajudicial,Grupo Tormenz,Buenas Condiciones,3500
TOR-MTY-1014,EQUIPO DE COMPUTO,LAPTOPS,Computadora Laptop HP,Intel(R) Core(TM) i3-3110M CPU @ 2.40GHz4 GB465 GBWindows 8.1 Single Language (64-bit),HP,,5CB4232LPZ,TOR-Monterrey,Monterrey Judicial,Grupo Tormenz,Buenas Condiciones,7000
TOR-GDL-1002,EQUIPO DE COMPUTO,LAPTOPS,Computadora Laptop HP,Intel(R) Core(TM) i3-3110M CPU @ 2.40GHz4 GB465 GBWindows 8.1 Pro (64-bit),HP,,5CB42402T9,TOR-Guadalajara,Guadalajara Apertura de Credito,Grupo Tormenz,Buenas Condiciones,7000
TOR-REY-1014,EQUIPO DE COMPUTO,LAPTOPS,Computadora Laptop HP,Color Negro,HP,HP 240 G4,5CB42402X5,TOR-Reynosa,Reynosa Judicial,Grupo Tormenz,Buenas Condiciones,7000
TOR-GOM-1013,EQUIPO DE COMPUTO,LAPTOPS,Computadora Laptop HP,"Intel(R) Core(TM) i3-2370M CPU @ 2.40GHz8 GB466 GBWindows 7 Pro, SP 1 (64-bit)",HP,HP Pavilion g4 Notebook PC,5CD2435NCX,TOR-Gomez Palacio,Gomez Palacio Judicial,Grupo Tormenz,Buenas Condiciones,7000
TOR-CHI-1013,EQUIPO DE COMPUTO,LAPTOPS,Computadora Laptop HP,AMD A10-4655M1 2GB 1TB8.1,HP,Pavilion 15,5CD51623X7,TOR-Chihuahua,Chihuahua Extrajudicial,Grupo Tormenz,Buenas Condiciones,7000
TOR-CHI-1014,EQUIPO DE COMPUTO,LAPTOPS,Computadora Laptop HP,Core i3 2.4GHz 4GB 500GB 8,HP,HP 240,5CG3311MF9,TOR-Chihuahua,Chihuahua Extrajudicial,Grupo Tormenz,Buenas Condiciones,7000
TOR-GOM-1014,EQUIPO DE COMPUTO,LAPTOPS,Computadora Laptop HP,Intel(R) Core(TM) i3-3110M CPU @ 2.40GHz4 GB465 GBWindows 10 Home (64-bit),HP,,5CG3360P7S,TOR-Gomez Palacio,Gomez Palacio Extrajudicial,Grupo Tormenz,Buenas Condiciones,7000
TOR-CHI-1015,EQUIPO DE COMPUTO,LAPTOPS,Computadora Laptop HP,Core i3 2.4GHz 4GB 500GB 7,HP,,5CG3360S5S,TOR-Chihuahua,Chihuahua Extrajudicial,Grupo Tormenz,Buenas Condiciones,7000
TOR-TOR-1010,EQUIPO DE COMPUTO,LAPTOPS,Computadora Laptop HP,"Intel(R) Core(TM) i3-3110M CPU @ 2.40GHz4 GB466 GBWindows 7 Home Premium, SP 1 (64-bit)",HP,,5CG3360T26,TOR-Torreon,Torreon Extrajudicial,Grupo Tormenz,Buenas Condiciones,7000
TOR-TOR-1011,EQUIPO DE COMPUTO,LAPTOPS,Computadora Laptop HP,Color Gris,HP,,5CG3360TGJ,TOR-Torreon,Torreon Judicial,Grupo Tormenz,Buenas Condiciones,7000
TOR-HMO-1021,EQUIPO DE COMPUTO,LAPTOPS,Computadora Laptop HP,Intel(R) Core(TM) i3-3110M CPU @ 2.40GHz4 GB465 GBWindows 10 Home (64-bit),HP,,5CG3374J1V,TOR-Hermosillo,Hermosillo Judicial,Grupo Tormenz,Buenas Condiciones,7000
TOR-CHI-1016,EQUIPO DE COMPUTO,LAPTOPS,Computadora Laptop HP,Core i3 2.4GHz 4GB 120GB SSD 7,HP,HP 240,5CG3374J54,TOR-Chihuahua,Chihuahua Extrajudicial,Grupo Tormenz,Buenas Condiciones,7000
TOR-CHI-1017,EQUIPO DE COMPUTO,LAPTOPS,Computadora Laptop HP,Color Plata,HP,HP 240U331,5CG3374J54,TOR-Chihuahua,Chihuahua Extrajudicial,Grupo Tormenz,Buenas Condiciones,7000
TOR-GOM-1015,EQUIPO DE COMPUTO,LAPTOPS,Computadora Laptop HP,"Intel(R) Core(TM) i3-3110M CPU @ 2.40GHz4 GB466 GBWindows 7 Home Premium, SP 1 (64-bit)",HP,,5CG3374J62,TOR-Gomez Palacio,Gomez Palacio Judicial,Grupo Tormenz,Buenas Condiciones,7000
TOR-ACA-1011,EQUIPO DE COMPUTO,LAPTOPS,Computadora Laptop HP,Color Negro con Gris,HP,HP 240 G4,5CG3374J6C,TOR-Acapulco,Acapulco Judicial,Grupo Tormenz,Buenas Condiciones,7000
TOR-QRO-1007,EQUIPO DE COMPUTO,LAPTOPS,Computadora Laptop HP,Color Negro,HP,HP 240 G4,5CG3374J79,TOR-Queretaro,Queretaro Extrajudicial,Grupo Tormenz,Buenas Condiciones,7000
TOR-MER-1009,EQUIPO DE COMPUTO,LAPTOPS,Computadora Laptop HP,Color Gris,HP,HP 240 G4,5CG3374JLK,TOR-Merida,Merida Extrajudicial,Grupo Tormenz,Buenas Condiciones,7000
TOR-HMO-1022,EQUIPO DE COMPUTO,LAPTOPS,Computadora Laptop HP,Intel(R) Core(TM) i3-5005U CPU @ 2.00GHz8 GB930 GBWindows 10 Home Single Language (64-bit),HP,HP Notebook,5CG6033KF2,TOR-Hermosillo,Hermosillo Extrajudicial,Grupo Tormenz,Buenas Condiciones,7000
TOR-CHI-1018,EQUIPO DE COMPUTO,LAPTOPS,Computadora Laptop HP,Color Plata,HP,HP 240 G4,5CG6035J2M,TOR-Chihuahua,Chihuahua Judicial,Grupo Tormenz,Buenas Condiciones,7000
TOR-HMO-1023,EQUIPO DE COMPUTO,LAPTOPS,Computadora Laptop HP,"AMD E1-1200 APU with Radeon(tm) HD Graphics4 GB466 GBWindows 7 Pro, SP 1 (64-bit)",HP,HP Pro 1105 18.5 WLED AiO PC,5CM24902HS,TOR-Hermosillo,Hermosillo Judicial,Grupo Tormenz,Buenas Condiciones,7000
TOR-JZE-1010,EQUIPO DE COMPUTO,COMPUTADORA DE ESCRITORIO,Computadora de Escritorio HP,AMD E1-1200 APU with Radeon(tm) HD Graphics4 GB930 GBWindows 10 Home Single Language (64-bit),HP, HP 18-1105LA,5CM310051P,TOR-Juarez Ext,Juarez Extrajudicial,Grupo Tormenz,Buenas Condiciones,3500
TOR-JZJ-1007,EQUIPO DE COMPUTO,COMPUTADORA DE ESCRITORIO,Computadora de Escritorio HP,Color Negro,HP, HP 18-1105LA,5CM3100530,TOR-Juarez Jud,Juarez Judicial,Grupo Tormenz,Buenas Condiciones,3500
TOR-GOM-1016,EQUIPO DE COMPUTO,COMPUTADORA DE ESCRITORIO,Computadora de Escritorio HP,AMD E1-1200 APU with Radeon(tm) HD Graphics4 GB930 GBWindows 10 Home Single Language (64-bit),HP, HP 18-1105LA,5CM310055C,TOR-Gomez Palacio,Gomez Palacio Judicial,Grupo Tormenz,Buenas Condiciones,3500
TOR-JZJ-1008,EQUIPO DE COMPUTO,COMPUTADORA DE ESCRITORIO,Computadora de Escritorio HP,AMD E1-1200 APU with Radeon(tm) HD Graphics4 GB930 GBWindows 10 Home Single Language (64-bit),HP, HP 18-1105LA,5CM310057K,TOR-Juarez Jud,Juarez Judicial,Grupo Tormenz,Buenas Condiciones,3500
TOR-TAB-1010,EQUIPO DE COMPUTO,COMPUTADORA DE ESCRITORIO,Computadora de Escritorio HP,Color Negro con Gris,HP, HP 18-1105LA,5CM310057S,TOR-Villahermosa,Villahermosa Extrajudicial,Grupo Tormenz,Buenas Condiciones,3500
TOR-JZJ-1009,EQUIPO DE COMPUTO,COMPUTADORA DE ESCRITORIO,Computadora de Escritorio HP,"AMD E1-1500 APU with Radeon(tm) HD Graphics4 GB450 GBWindows 7 Pro, SP 1 (64-bit)",HP,HP 1155 18.5 AiO Business PC,5CM3280164,TOR-Juarez Jud,Juarez Judicial,Grupo Tormenz,Buenas Condiciones,3500
TOR-HMO-1024,EQUIPO DE COMPUTO,COMPUTADORA DE ESCRITORIO,Computadora de Escritorio HP,AMD E1-1500 APU with Radeon(tm) HD Graphics4 GB450 GBWindows 7 Pro (64-bit),HP,HP 1155 18.5 AiO Business PC,5CM32801CR,TOR-Hermosillo,Hermosillo Extrajudicial,Grupo Tormenz,Buenas Condiciones,3500
TOR-REY-1015,EQUIPO DE COMPUTO,COMPUTADORA DE ESCRITORIO,Computadora de Escritorio DELL,Color Negro,DELL,3043,77W2Z22,TOR-Reynosa,Reynosa Extrajudicial,Grupo Tormenz,Buenas Condiciones,3500
COR-CHI-1023,EQUIPO DE COMPUTO,LAPTOPS,Computadora Laptop TOSHIBA,Color Negro CORE i5,TOSHIBA,Satelite,7F019179C,TOR-Chihuahua,Chihuahua Direccion,Grupo Tormenz,Buenas Condiciones,7000
TOR-HMO-1025,EQUIPO DE COMPUTO,LAPTOPS,Computadora Laptop TOSHIBA,"Intel(R) Core(TM) i3-2330M CPU @ 2.20GHz3 GB466 GBWindows 7 Pro, SP 1 (64-bit)",TOSHIBA,Satellite C645,9B346117Q,TOR-Hermosillo,Hermosillo Judicial,Grupo Tormenz,Buenas Condiciones,7000
TOR-DEL-1012,EQUIPO DE COMPUTO,LAPTOPS,Computadora Laptop ASUS,Intel(R) Core(TM) i3-2350M CPU @ 2.30GHz4 GB445 GBWindows 8 Single Language (64-bit),ASUS,X55CR,C9N0BC276581372,TOR-Delicias,Delicias Judicial,Grupo Tormenz,Buenas Condiciones,7000
TOR-ACA-1012,EQUIPO DE COMPUTO,LAPTOPS,Computadora Laptop ASUS,"Intel(R) Core(TM) i3-3217U CPU @ 1.80GHz4 GB298 GBWindows 7 Ultimate, SP 1 (64-bit)",ASUS,S400C,CBN0BC29893646C,TOR-Acapulco,Acapulco Extrajudicial,Grupo Tormenz,Buenas Condiciones,7000
TOR-CHI-1021,EQUIPO DE COMPUTO,LAPTOPS,Computadora Laptop HP,Core i3 1.70GHz 8GB 750GB 8,HP,HP14,CND5071M5X,TOR-Chihuahua,Chihuahua Judicial,Grupo Tormenz,Buenas Condiciones,7000
SIR-CHI-1006,EQUIPO DE COMPUTO,LAPTOPS,Computadora Laptop HP,Intel Core i3 8GB 1TB 10,HP,HP 250 G4,CND5450W4K,TOR-Chihuahua,Chihuahua Direccion,Grupo Tormenz,Buenas Condiciones,7000
TOR-MTY-1015,EQUIPO DE COMPUTO,LAPTOPS,Computadora Laptop HP,Intel(R) Core(TM) i3 CPU       M 350  @ 2.27GHz3 GB298 GBWindows 7 Home Basic (32-bit),HP,,CNF0303PWG,TOR-Monterrey,Monterrey Judicial,Grupo Tormenz,Buenas Condiciones,7000
COR-CHI-1025,EQUIPO DE COMPUTO,LAPTOPS,Computadora Laptop ASUS,Core i5 8GB 500GB 8,ASUS,Q302L,E9N0CJ051410386,TOR-Chihuahua,Chihuahua Direccion,Grupo Tormenz,Buenas Condiciones,7000
TOR-HMO-1026,EQUIPO DE COMPUTO,COMPUTADORA DE ESCRITORIO,Computadora de Escritorio DELL,Color Negro Windows 7,DELL,BENK,ETD3D03350SL0,TOR-Hermosillo,Hermosillo Judicial,Grupo Tormenz,Buenas Condiciones,3500
COR-CHI-1026,EQUIPO DE COMPUTO,LAPTOPS,Computadora Laptop DELL,Core i54GB500GB7,DELL,XPS,F08N3X1,TOR-Chihuahua,Chihuahua Direccion,Grupo Tormenz,Buenas Condiciones,7000
COR-CHI-1029,EQUIPO DE COMPUTO,LAPTOPS,Computadora Laptop ASUS,Intel Core i3 4GB 1TB 10,ASUS,X455LAB,G9N0CV00410635G,TOR-Chihuahua,Chihuahua Direccion,Grupo Tormenz,Buenas Condiciones,7000
SIR-CHI-1007,EQUIPO DE COMPUTO,LAPTOPS,Computadora Laptop ASUS,Intel Core i3 5GB 1TB 11,ASUS,X455LAB,G9N0CV004446353,TOR-Chihuahua,Chihuahua Direccion,Grupo Tormenz,Buenas Condiciones,7000
TOR-NOG-1005,EQUIPO DE COMPUTO,LAPTOPS,Computadora Laptop ASUS,Intel(R) Core(TM) i3-5005U CPU @ 2.00GHz4 GB931 GBWindows 10 Home Single Language (64-bit),ASUS,X455LAB,G9N0CV004520355,TOR-Nogales,Nogales Extrajudicial,Grupo Tormenz,Buenas Condiciones,7000
TOR-NOG-1006,EQUIPO DE COMPUTO,COMPUTADORA DE ESCRITORIO,Computadora de Escritorio DELL,"Intel(R) Core(TM)2 Duo CPU     E8400  @ 3.00GHz2 GB149 GBWindows 7 Ultimate, SP 1 (32-bit)",DELL,OptiPlex 960,J1QJQL1,TOR-Nogales,Nogales Extrajudicial,Grupo Tormenz,Buenas Condiciones,3500
TOR-HMO-1027,EQUIPO DE COMPUTO,LAPTOPS,Computadora Laptop ACER,"Intel(R) Core(TM) i3 CPU       M 370  @ 2.40GHz3 GB1397 GBWindows 7 Home Basic, SP 1 (32-bit)",ACER,Aspire 5733,LXRN5010041190CA8D1601,TOR-Hermosillo,Hermosillo Judicial,Grupo Tormenz,Buenas Condiciones,7000
TOR-HMO-1028,EQUIPO DE COMPUTO,LAPTOPS,Computadora Laptop ACER,Intel(R) Core(TM) i3 CPU       M 370  @ 2.40GHz3 GB465 GBWindows 10 Home (64-bit),ACER,Aspire 5733,LXRN501004119160ED1601,TOR-Hermosillo,Hermosillo Judicial,Grupo Tormenz,Buenas Condiciones,7000
TOR-JZJ-1010,EQUIPO DE COMPUTO,LAPTOPS,Computadora Laptop HP,"AMD Athlon(tm) II X2 250 Processor895 MB466 GBWindows XP Pro, SP 3 (32-bit)",HP,HP 505B Microtower PC,MXL0490RF8,TOR-Juarez Jud,Juarez Judicial,Grupo Tormenz,Buenas Condiciones,7000
TOR-JZE-1011,EQUIPO DE COMPUTO,COMPUTADORA DE ESCRITORIO,Computadora de Escritorio HP,"AMD Athlon(tm) II X2 250 Processor895 MB466 GBWindows XP Pro, SP 3 (32-bit)",HP,HP 505B Microtower PC,MXL0490RH7,TOR-Juarez Ext,Juarez Extrajudicial,Grupo Tormenz,Buenas Condiciones,3500
TOR-JZE-1012,EQUIPO DE COMPUTO,COMPUTADORA DE ESCRITORIO,Computadora de Escritorio HP,"AMD Athlon(tm) II X2 250 Processor895 MB466 GBWindows XP Pro, SP 3 (32-bit)",HP,HP 505B Microtower PC,MXL0490RZQ,TOR-Juarez Ext,Juarez Extrajudicial,Grupo Tormenz,Buenas Condiciones,3500
TOR-JZE-1013,EQUIPO DE COMPUTO,COMPUTADORA DE ESCRITORIO,Computadora de Escritorio HP,"AMD Athlon(tm) II X2 250 Processor895 MB466 GBWindows 7 Pro, SP 1 (32-bit)",HP,HP 505B Microtower PC,MXL0490XML,TOR-Juarez Ext,Juarez Extrajudicial,Grupo Tormenz,Buenas Condiciones,3500
TOR-HMO-1029,EQUIPO DE COMPUTO,LAPTOPS,Computadora  Laptop HP,AMD E1-1200 APU with Radeon(tm) HD Graphics4 GB465 GBWindows 10 Pro (64-bit),HP,PAVILION,MXX30404MD,TOR-Hermosillo,Hermosillo Judicial,Grupo Tormenz,Buenas Condiciones,7000
TOR-CHI-1022,EQUIPO DE COMPUTO,LAPTOPS,Computadora Laptop ACER,AMD A12-9700P 16GB 1TB 10,ACER,Aspire E5-553,NXGESAL002618064047600,TOR-Chihuahua,Chihuahua Direccion,Grupo Tormenz,Buenas Condiciones,7000
COR-CHI-1036,EQUIPO DE COMPUTO,LAPTOPS,Computadora Laptop ACER,Core i3 1.5GHz 4GB 500GB 7,ACER,Aspire,NXM3BAL009236184946600,TOR-Chihuahua,Chihuahua Direccion,Grupo Tormenz,Buenas Condiciones,7000
TOR-HMO-1030,EQUIPO DE COMPUTO,LAPTOPS,Computadora Laptop ACER,Intel(R) Core(TM) i5-4200U CPU @ 1.60GHz8 GB914 GBWindows 8.1 Single Language (64-bit),ACER,Aspire V5-561,NXMK8AL0104171B0A43400,TOR-Hermosillo,Hermosillo Extrajudicial,Grupo Tormenz,Buenas Condiciones,7000
TOR-JZE-1014,EQUIPO DE COMPUTO,LAPTOPS,Computadora Laptop ACER,"AMD A8-6410 APU with AMD Radeon R5 Graphics3 GB931 GBWindows 7 Ultimate, SP 1 (64-bit)",ACER,Aspire E5-521,NXMPQAL0064370A6EE3400,TOR-Juarez Ext,Juarez Extrajudicial,Grupo Tormenz,Buenas Condiciones,7000
TOR-HMO-1031,EQUIPO DE COMPUTO,LAPTOPS,Computadora Laptop ACER,AMD A6-6310 APU with AMD Radeon R4 Graphics5 GB915 GBWindows 8.1 Pro (64-bit),ACER,Aspire E5-521,NXMPQAL009502139FC3400,TOR-Hermosillo,Hermosillo Judicial,Grupo Tormenz,Buenas Condiciones,7000
TOR-MER-1010,EQUIPO DE COMPUTO,LAPTOPS,Computadora Laptop ACER,Color Rojo,ACER,E5-521-64LM,NXMPQAL00950213B2A3400,TOR-Merida,Merida Extrajudicial,Grupo Tormenz,Buenas Condiciones,7000
TOR-HMO-1032,EQUIPO DE COMPUTO,LAPTOPS,Computadora Laptop ACER,AMD A6-6310 APU with AMD Radeon R4 Graphics5 GB915 GBWindows 10 Pro (64-bit),ACER,Aspire E5-521,NXMPQAL00950213BA03400,TOR-Hermosillo,Hermosillo Judicial,Grupo Tormenz,Buenas Condiciones,3500
TOR-JZJ-1011,EQUIPO DE COMPUTO,LAPTOPS,Computadora Laptop ACER,AMD A6-6310 APU with AMD Radeon R4 Graphics5 GB915 GBWindows 8.1 Pro (64-bit),ACER,Aspire E5-521,NXMPQAL00950213BB73400,TOR-Juarez Jud,Juarez Judicial,Grupo Tormenz,Buenas Condiciones,7000
TOR-CHI-1025,EQUIPO DE COMPUTO,LAPTOPS,Computadora Laptop ACER,AMD 6GB 1TB 8,ACER,E15,NXMPQAL00950213C173400,TOR-Chihuahua,Chihuahua Judicial,Grupo Tormenz,Buenas Condiciones,7000
TOR-CHI-1026,EQUIPO DE COMPUTO,LAPTOPS,Computadora Laptop ACER,AMD A6 1.8GHz 6GB 1TB 8,ACER,E15,NXMPQAL00950213D173400,TOR-Chihuahua,Chihuahua Direccion,Grupo Tormenz,Buenas Condiciones,7000
TOR-SLP-1009,EQUIPO DE COMPUTO,LAPTOPS,Computadora Laptop ACER,Color Rojo con Negro,ACER,E5-551-T7WX,NXMUCAL005543074773400,TOR-San Luis Potosi,San Luis Potosi Extrajudicial,Grupo Tormenz,Buenas Condiciones,7000
TOR-GOM-1017,EQUIPO DE COMPUTO,LAPTOPS,Computadora Laptop ACER,"AMD A10-7300 Radeon R6, 10 Compute Cores 4C+6G11 GB931 GBWindows 10 Home  (64-bit)",ACER,Aspire E5-551,NXMUCAL005543092F23400,TOR-Gomez Palacio,Gomez Palacio Extrajudicial,Grupo Tormenz,Buenas Condiciones,7000
COR-CHI-1041,EQUIPO DE COMPUTO,LAPTOPS,Computadora Laptop ACER,AMD QUADCORE 101 2GB 2TB 8,ACER,E15,NXMUDAL0015020FBD93400,TOR-Chihuahua,Chihuahua Direccion,Grupo Tormenz,Buenas Condiciones,7000
TOR-MTY-1016,EQUIPO DE COMPUTO,LAPTOPS,Computadora Laptop ACER,Intel(R) Core(TM) i3-4005U CPU @ 1.70GHz4 GB465 GBWindows 10 Pro (64-bit),ACER,TravelMate P246-M,NXV9VAL009512183097600,TOR-Monterrey,Monterrey Extrajudicial,Grupo Tormenz,Buenas Condiciones,7000
TOR-ACA-1013,EQUIPO DE COMPUTO,LAPTOPS,Computadora Laptop ACER,Intel(R) Core(TM) i3-4005U CPU @ 1.70GHz4 GB465 GBWindows 10 Pro (64-bit),ACER,TravelMate P246-M,NXV9VAL009512183247600,TOR-Acapulco,Acapulco Judicial,Grupo Tormenz,Buenas Condiciones,7000
TOR-CHI-1027,EQUIPO DE COMPUTO,LAPTOPS,Computadora Laptop ACER,Core i3 1.70GHz 4GB 500GB 8,ACER,E15,NXV9VAL009512183467600,TOR-Chihuahua,Chihuahua Judicial,Grupo Tormenz,Buenas Condiciones,7000
TOR-JZJ-1012,EQUIPO DE COMPUTO,LAPTOPS,Computadora Laptop ACER,Intel(R) Core(TM) i3-4005U CPU @ 1.70GHz4 GB465 GBWindows 8.1 Pro (64-bit),ACER,TravelMate P246-M,NXV9VAL009512183E87600,TOR-Juarez Jud,Juarez Judicial,Grupo Tormenz,Buenas Condiciones,7000
TOR-HMO-1033,EQUIPO DE COMPUTO,LAPTOPS,Computadora Laptop TOSHIBA,Intel(R) Core(TM) i3-3120M CPU @ 2.50GHz4 GB454 GBWindows 8 (64-bit),TOSHIBA,Satellite C855,ZC235825Q,TOR-Hermosillo,Hermosillo Extrajudicial,Grupo Tormenz,Buenas Condiciones,7000
TOR-SAL-1008,EQUIPO DE COMPUTO,LAPTOPS,Computadora Laptop TOSHIBA,Intel(R) Celeron(R) CPU  N2840  @ 2.16GHz4 GB465 GBWindows 10 Pro (64-bit),TOSHIBA,Satellite C55-B,ZE081395P,TOR-Saltillo,Saltillo Judicial,Grupo Tormenz,Buenas Condiciones,7000
TOR-REY-1016,EQUIPO DE COMPUTO,LAPTOPS,Computadora Laptop TOSHIBA,Color Negro,TOSHIBA,Satelite C55-B,ZE084642P,TOR-Reynosa,Reynosa Judicial,Grupo Tormenz,Buenas Condiciones,7000
TOR-GOM-1019,EQUIPO DE COMPUTO,LAPTOPS,Computadora Laptop TOSHIBA,Color Negro,TOSHIBA,Satelite C55-B,ZE090276P,TOR-Gomez Palacio,Gomez Palacio Judicial,Grupo Tormenz,Buenas Condiciones,7000
TOR-DGO-1006,EQUIPO DE COMPUTO,LAPTOPS,Computadora Laptop TOSHIBA,Intel(R) Celeron(R) CPU  N2840  @ 2.16GHz4 GB465 GBWindows 8.1 Pro (64-bit),TOSHIBA,Satellite C55-B,ZE095140P,TOR-Durango,Durango Judicial,Grupo Tormenz,Buenas Condiciones,7000